Dataset,PublishTime,StartTime,SettlementDate,SettlementPeriod,FuelType,Generation
FUELHH,2026-06-10T13:30:00Z,2026-06-10T13:00:00Z,2026-06-10,29,BIOMASS,2406
FUELHH,2026-06-10T13:30:00Z,2026-06-10T13:00:00Z,2026-06-10,29,CCGT,5581
FUELHH,2026-06-10T13:30:00Z,2026-06-10T13:00:00Z,2026-06-10,29,COAL,0
FUELHH,2026-06-10T13:30:00Z,2026-06-10T13:00:00Z,2026-06-10,29,INTELEC,996
FUELHH,2026-06-10T13:30:00Z,2026-06-10T13:00:00Z,2026-06-10,29,INTEW,0
FUELHH,2026-06-10T13:30:00Z,2026-06-10T13:00:00Z,2026-06-10,29,INTFR,1502
FUELHH,2026-06-10T13:30:00Z,2026-06-10T13:00:00Z,2026-06-10,29,INTGRNL,-514
FUELHH,2026-06-10T13:30:00Z,2026-06-10T13:00:00Z,2026-06-10,29,INTIFA2,-2
FUELHH,2026-06-10T13:30:00Z,2026-06-10T13:00:00Z,2026-06-10,29,INTIRL,-362
FUELHH,2026-06-10T13:30:00Z,2026-06-10T13:00:00Z,2026-06-10,29,INTNED,830
FUELHH,2026-06-10T13:30:00Z,2026-06-10T13:00:00Z,2026-06-10,29,INTNEM,730
FUELHH,2026-06-10T13:30:00Z,2026-06-10T13:00:00Z,2026-06-10,29,INTNSL,1398
FUELHH,2026-06-10T13:30:00Z,2026-06-10T13:00:00Z,2026-06-10,29,INTVKL,1426
FUELHH,2026-06-10T13:30:00Z,2026-06-10T13:00:00Z,2026-06-10,29,NPSHYD,172
FUELHH,2026-06-10T13:30:00Z,2026-06-10T13:00:00Z,2026-06-10,29,NUCLEAR,2970
FUELHH,2026-06-10T13:30:00Z,2026-06-10T13:00:00Z,2026-06-10,29,OCGT,2
FUELHH,2026-06-10T13:30:00Z,2026-06-10T13:00:00Z,2026-06-10,29,OIL,0
FUELHH,2026-06-10T13:30:00Z,2026-06-10T13:00:00Z,2026-06-10,29,OTHER,411
FUELHH,2026-06-10T13:30:00Z,2026-06-10T13:00:00Z,2026-06-10,29,PS,-38
FUELHH,2026-06-10T13:30:00Z,2026-06-10T13:00:00Z,2026-06-10,29,WIND,4913
FUELHH,2026-06-10T13:00:00Z,2026-06-10T12:30:00Z,2026-06-10,28,BIOMASS,2410
FUELHH,2026-06-10T13:00:00Z,2026-06-10T12:30:00Z,2026-06-10,28,CCGT,5502
FUELHH,2026-06-10T13:00:00Z,2026-06-10T12:30:00Z,2026-06-10,28,COAL,0
FUELHH,2026-06-10T13:00:00Z,2026-06-10T12:30:00Z,2026-06-10,28,INTELEC,996
FUELHH,2026-06-10T13:00:00Z,2026-06-10T12:30:00Z,2026-06-10,28,INTEW,0
FUELHH,2026-06-10T13:00:00Z,2026-06-10T12:30:00Z,2026-06-10,28,INTFR,1502
FUELHH,2026-06-10T13:00:00Z,2026-06-10T12:30:00Z,2026-06-10,28,INTGRNL,-514
FUELHH,2026-06-10T13:00:00Z,2026-06-10T12:30:00Z,2026-06-10,28,INTIFA2,-2
FUELHH,2026-06-10T13:00:00Z,2026-06-10T12:30:00Z,2026-06-10,28,INTIRL,-290
FUELHH,2026-06-10T13:00:00Z,2026-06-10T12:30:00Z,2026-06-10,28,INTNED,1042
FUELHH,2026-06-10T13:00:00Z,2026-06-10T12:30:00Z,2026-06-10,28,INTNEM,1012
FUELHH,2026-06-10T13:00:00Z,2026-06-10T12:30:00Z,2026-06-10,28,INTNSL,1398
FUELHH,2026-06-10T13:00:00Z,2026-06-10T12:30:00Z,2026-06-10,28,INTVKL,1426
FUELHH,2026-06-10T13:00:00Z,2026-06-10T12:30:00Z,2026-06-10,28,NPSHYD,165
FUELHH,2026-06-10T13:00:00Z,2026-06-10T12:30:00Z,2026-06-10,28,NUCLEAR,2972
FUELHH,2026-06-10T13:00:00Z,2026-06-10T12:30:00Z,2026-06-10,28,OCGT,2
FUELHH,2026-06-10T13:00:00Z,2026-06-10T12:30:00Z,2026-06-10,28,OIL,0
FUELHH,2026-06-10T13:00:00Z,2026-06-10T12:30:00Z,2026-06-10,28,OTHER,491
FUELHH,2026-06-10T13:00:00Z,2026-06-10T12:30:00Z,2026-06-10,28,PS,-246
FUELHH,2026-06-10T13:00:00Z,2026-06-10T12:30:00Z,2026-06-10,28,WIND,4942
FUELHH,2026-06-10T12:30:00Z,2026-06-10T12:00:00Z,2026-06-10,27,BIOMASS,2409
FUELHH,2026-06-10T12:30:00Z,2026-06-10T12:00:00Z,2026-06-10,27,CCGT,5991
FUELHH,2026-06-10T12:30:00Z,2026-06-10T12:00:00Z,2026-06-10,27,COAL,0
FUELHH,2026-06-10T12:30:00Z,2026-06-10T12:00:00Z,2026-06-10,27,INTELEC,998
FUELHH,2026-06-10T12:30:00Z,2026-06-10T12:00:00Z,2026-06-10,27,INTEW,0
FUELHH,2026-06-10T12:30:00Z,2026-06-10T12:00:00Z,2026-06-10,27,INTFR,1502
FUELHH,2026-06-10T12:30:00Z,2026-06-10T12:00:00Z,2026-06-10,27,INTGRNL,-514
FUELHH,2026-06-10T12:30:00Z,2026-06-10T12:00:00Z,2026-06-10,27,INTIFA2,-2
FUELHH,2026-06-10T12:30:00Z,2026-06-10T12:00:00Z,2026-06-10,27,INTIRL,-376
FUELHH,2026-06-10T12:30:00Z,2026-06-10T12:00:00Z,2026-06-10,27,INTNED,1038
FUELHH,2026-06-10T12:30:00Z,2026-06-10T12:00:00Z,2026-06-10,27,INTNEM,1012
FUELHH,2026-06-10T12:30:00Z,2026-06-10T12:00:00Z,2026-06-10,27,INTNSL,1398
FUELHH,2026-06-10T12:30:00Z,2026-06-10T12:00:00Z,2026-06-10,27,INTVKL,1426
FUELHH,2026-06-10T12:30:00Z,2026-06-10T12:00:00Z,2026-06-10,27,NPSHYD,204
FUELHH,2026-06-10T12:30:00Z,2026-06-10T12:00:00Z,2026-06-10,27,NUCLEAR,2972
FUELHH,2026-06-10T12:30:00Z,2026-06-10T12:00:00Z,2026-06-10,27,OCGT,2
FUELHH,2026-06-10T12:30:00Z,2026-06-10T12:00:00Z,2026-06-10,27,OIL,0
FUELHH,2026-06-10T12:30:00Z,2026-06-10T12:00:00Z,2026-06-10,27,OTHER,495
FUELHH,2026-06-10T12:30:00Z,2026-06-10T12:00:00Z,2026-06-10,27,PS,-108
FUELHH,2026-06-10T12:30:00Z,2026-06-10T12:00:00Z,2026-06-10,27,WIND,4650
FUELHH,2026-06-10T12:00:00Z,2026-06-10T11:30:00Z,2026-06-10,26,BIOMASS,2412
FUELHH,2026-06-10T12:00:00Z,2026-06-10T11:30:00Z,2026-06-10,26,CCGT,6110
FUELHH,2026-06-10T12:00:00Z,2026-06-10T11:30:00Z,2026-06-10,26,COAL,0
FUELHH,2026-06-10T12:00:00Z,2026-06-10T11:30:00Z,2026-06-10,26,INTELEC,998
FUELHH,2026-06-10T12:00:00Z,2026-06-10T11:30:00Z,2026-06-10,26,INTEW,0
FUELHH,2026-06-10T12:00:00Z,2026-06-10T11:30:00Z,2026-06-10,26,INTFR,1504
FUELHH,2026-06-10T12:00:00Z,2026-06-10T11:30:00Z,2026-06-10,26,INTGRNL,-514
FUELHH,2026-06-10T12:00:00Z,2026-06-10T11:30:00Z,2026-06-10,26,INTIFA2,-2
FUELHH,2026-06-10T12:00:00Z,2026-06-10T11:30:00Z,2026-06-10,26,INTIRL,-370
FUELHH,2026-06-10T12:00:00Z,2026-06-10T11:30:00Z,2026-06-10,26,INTNED,774
FUELHH,2026-06-10T12:00:00Z,2026-06-10T11:30:00Z,2026-06-10,26,INTNEM,720
FUELHH,2026-06-10T12:00:00Z,2026-06-10T11:30:00Z,2026-06-10,26,INTNSL,1398
FUELHH,2026-06-10T12:00:00Z,2026-06-10T11:30:00Z,2026-06-10,26,INTVKL,1426
FUELHH,2026-06-10T12:00:00Z,2026-06-10T11:30:00Z,2026-06-10,26,NPSHYD,227
FUELHH,2026-06-10T12:00:00Z,2026-06-10T11:30:00Z,2026-06-10,26,NUCLEAR,2975
FUELHH,2026-06-10T12:00:00Z,2026-06-10T11:30:00Z,2026-06-10,26,OCGT,2
FUELHH,2026-06-10T12:00:00Z,2026-06-10T11:30:00Z,2026-06-10,26,OIL,0
FUELHH,2026-06-10T12:00:00Z,2026-06-10T11:30:00Z,2026-06-10,26,OTHER,627
FUELHH,2026-06-10T12:00:00Z,2026-06-10T11:30:00Z,2026-06-10,26,PS,-14
FUELHH,2026-06-10T12:00:00Z,2026-06-10T11:30:00Z,2026-06-10,26,WIND,4506
FUELHH,2026-06-10T11:30:00Z,2026-06-10T11:00:00Z,2026-06-10,25,BIOMASS,2413
FUELHH,2026-06-10T11:30:00Z,2026-06-10T11:00:00Z,2026-06-10,25,CCGT,6136
FUELHH,2026-06-10T11:30:00Z,2026-06-10T11:00:00Z,2026-06-10,25,COAL,0
FUELHH,2026-06-10T11:30:00Z,2026-06-10T11:00:00Z,2026-06-10,25,INTELEC,998
FUELHH,2026-06-10T11:30:00Z,2026-06-10T11:00:00Z,2026-06-10,25,INTEW,-6
FUELHH,2026-06-10T11:30:00Z,2026-06-10T11:00:00Z,2026-06-10,25,INTFR,1504
FUELHH,2026-06-10T11:30:00Z,2026-06-10T11:00:00Z,2026-06-10,25,INTGRNL,-514
FUELHH,2026-06-10T11:30:00Z,2026-06-10T11:00:00Z,2026-06-10,25,INTIFA2,-2
FUELHH,2026-06-10T11:30:00Z,2026-06-10T11:00:00Z,2026-06-10,25,INTIRL,-450
FUELHH,2026-06-10T11:30:00Z,2026-06-10T11:00:00Z,2026-06-10,25,INTNED,776
FUELHH,2026-06-10T11:30:00Z,2026-06-10T11:00:00Z,2026-06-10,25,INTNEM,718
FUELHH,2026-06-10T11:30:00Z,2026-06-10T11:00:00Z,2026-06-10,25,INTNSL,1398
FUELHH,2026-06-10T11:30:00Z,2026-06-10T11:00:00Z,2026-06-10,25,INTVKL,1426
FUELHH,2026-06-10T11:30:00Z,2026-06-10T11:00:00Z,2026-06-10,25,NPSHYD,267
FUELHH,2026-06-10T11:30:00Z,2026-06-10T11:00:00Z,2026-06-10,25,NUCLEAR,2972
FUELHH,2026-06-10T11:30:00Z,2026-06-10T11:00:00Z,2026-06-10,25,OCGT,2
FUELHH,2026-06-10T11:30:00Z,2026-06-10T11:00:00Z,2026-06-10,25,OIL,0
FUELHH,2026-06-10T11:30:00Z,2026-06-10T11:00:00Z,2026-06-10,25,OTHER,612
FUELHH,2026-06-10T11:30:00Z,2026-06-10T11:00:00Z,2026-06-10,25,PS,24
FUELHH,2026-06-10T11:30:00Z,2026-06-10T11:00:00Z,2026-06-10,25,WIND,4408
FUELHH,2026-06-10T11:00:00Z,2026-06-10T10:30:00Z,2026-06-10,24,BIOMASS,2411
FUELHH,2026-06-10T11:00:00Z,2026-06-10T10:30:00Z,2026-06-10,24,CCGT,5927
FUELHH,2026-06-10T11:00:00Z,2026-06-10T10:30:00Z,2026-06-10,24,COAL,0
FUELHH,2026-06-10T11:00:00Z,2026-06-10T10:30:00Z,2026-06-10,24,INTELEC,998
FUELHH,2026-06-10T11:00:00Z,2026-06-10T10:30:00Z,2026-06-10,24,INTEW,-72
FUELHH,2026-06-10T11:00:00Z,2026-06-10T10:30:00Z,2026-06-10,24,INTFR,1502
FUELHH,2026-06-10T11:00:00Z,2026-06-10T10:30:00Z,2026-06-10,24,INTGRNL,-514
FUELHH,2026-06-10T11:00:00Z,2026-06-10T10:30:00Z,2026-06-10,24,INTIFA2,-2
FUELHH,2026-06-10T11:00:00Z,2026-06-10T10:30:00Z,2026-06-10,24,INTIRL,-452
FUELHH,2026-06-10T11:00:00Z,2026-06-10T10:30:00Z,2026-06-10,24,INTNED,1048
FUELHH,2026-06-10T11:00:00Z,2026-06-10T10:30:00Z,2026-06-10,24,INTNEM,916
FUELHH,2026-06-10T11:00:00Z,2026-06-10T10:30:00Z,2026-06-10,24,INTNSL,1398
FUELHH,2026-06-10T11:00:00Z,2026-06-10T10:30:00Z,2026-06-10,24,INTVKL,1426
FUELHH,2026-06-10T11:00:00Z,2026-06-10T10:30:00Z,2026-06-10,24,NPSHYD,273
FUELHH,2026-06-10T11:00:00Z,2026-06-10T10:30:00Z,2026-06-10,24,NUCLEAR,2973
FUELHH,2026-06-10T11:00:00Z,2026-06-10T10:30:00Z,2026-06-10,24,OCGT,2
FUELHH,2026-06-10T11:00:00Z,2026-06-10T10:30:00Z,2026-06-10,24,OIL,0
FUELHH,2026-06-10T11:00:00Z,2026-06-10T10:30:00Z,2026-06-10,24,OTHER,463
FUELHH,2026-06-10T11:00:00Z,2026-06-10T10:30:00Z,2026-06-10,24,PS,-16
FUELHH,2026-06-10T11:00:00Z,2026-06-10T10:30:00Z,2026-06-10,24,WIND,4587
FUELHH,2026-06-10T10:30:00Z,2026-06-10T10:00:00Z,2026-06-10,23,BIOMASS,2412
FUELHH,2026-06-10T10:30:00Z,2026-06-10T10:00:00Z,2026-06-10,23,CCGT,6381
FUELHH,2026-06-10T10:30:00Z,2026-06-10T10:00:00Z,2026-06-10,23,COAL,0
FUELHH,2026-06-10T10:30:00Z,2026-06-10T10:00:00Z,2026-06-10,23,INTELEC,998
FUELHH,2026-06-10T10:30:00Z,2026-06-10T10:00:00Z,2026-06-10,23,INTEW,-70
FUELHH,2026-06-10T10:30:00Z,2026-06-10T10:00:00Z,2026-06-10,23,INTFR,1502
FUELHH,2026-06-10T10:30:00Z,2026-06-10T10:00:00Z,2026-06-10,23,INTGRNL,-514
FUELHH,2026-06-10T10:30:00Z,2026-06-10T10:00:00Z,2026-06-10,23,INTIFA2,-2
FUELHH,2026-06-10T10:30:00Z,2026-06-10T10:00:00Z,2026-06-10,23,INTIRL,-404
FUELHH,2026-06-10T10:30:00Z,2026-06-10T10:00:00Z,2026-06-10,23,INTNED,1052
FUELHH,2026-06-10T10:30:00Z,2026-06-10T10:00:00Z,2026-06-10,23,INTNEM,918
FUELHH,2026-06-10T10:30:00Z,2026-06-10T10:00:00Z,2026-06-10,23,INTNSL,1398
FUELHH,2026-06-10T10:30:00Z,2026-06-10T10:00:00Z,2026-06-10,23,INTVKL,1426
FUELHH,2026-06-10T10:30:00Z,2026-06-10T10:00:00Z,2026-06-10,23,NPSHYD,308
FUELHH,2026-06-10T10:30:00Z,2026-06-10T10:00:00Z,2026-06-10,23,NUCLEAR,2972
FUELHH,2026-06-10T10:30:00Z,2026-06-10T10:00:00Z,2026-06-10,23,OCGT,2
FUELHH,2026-06-10T10:30:00Z,2026-06-10T10:00:00Z,2026-06-10,23,OIL,0
FUELHH,2026-06-10T10:30:00Z,2026-06-10T10:00:00Z,2026-06-10,23,OTHER,548
FUELHH,2026-06-10T10:30:00Z,2026-06-10T10:00:00Z,2026-06-10,23,PS,-16
FUELHH,2026-06-10T10:30:00Z,2026-06-10T10:00:00Z,2026-06-10,23,WIND,4407
FUELHH,2026-06-10T10:00:00Z,2026-06-10T09:30:00Z,2026-06-10,22,BIOMASS,2411
FUELHH,2026-06-10T10:00:00Z,2026-06-10T09:30:00Z,2026-06-10,22,CCGT,6898
FUELHH,2026-06-10T10:00:00Z,2026-06-10T09:30:00Z,2026-06-10,22,COAL,0
FUELHH,2026-06-10T10:00:00Z,2026-06-10T09:30:00Z,2026-06-10,22,INTELEC,998
FUELHH,2026-06-10T10:00:00Z,2026-06-10T09:30:00Z,2026-06-10,22,INTEW,-18
FUELHH,2026-06-10T10:00:00Z,2026-06-10T09:30:00Z,2026-06-10,22,INTFR,1502
FUELHH,2026-06-10T10:00:00Z,2026-06-10T09:30:00Z,2026-06-10,22,INTGRNL,-514
FUELHH,2026-06-10T10:00:00Z,2026-06-10T09:30:00Z,2026-06-10,22,INTIFA2,-2
FUELHH,2026-06-10T10:00:00Z,2026-06-10T09:30:00Z,2026-06-10,22,INTIRL,-350
FUELHH,2026-06-10T10:00:00Z,2026-06-10T09:30:00Z,2026-06-10,22,INTNED,1050
FUELHH,2026-06-10T10:00:00Z,2026-06-10T09:30:00Z,2026-06-10,22,INTNEM,1016
FUELHH,2026-06-10T10:00:00Z,2026-06-10T09:30:00Z,2026-06-10,22,INTNSL,1398
FUELHH,2026-06-10T10:00:00Z,2026-06-10T09:30:00Z,2026-06-10,22,INTVKL,1426
FUELHH,2026-06-10T10:00:00Z,2026-06-10T09:30:00Z,2026-06-10,22,NPSHYD,409
FUELHH,2026-06-10T10:00:00Z,2026-06-10T09:30:00Z,2026-06-10,22,NUCLEAR,2973
FUELHH,2026-06-10T10:00:00Z,2026-06-10T09:30:00Z,2026-06-10,22,OCGT,2
FUELHH,2026-06-10T10:00:00Z,2026-06-10T09:30:00Z,2026-06-10,22,OIL,0
FUELHH,2026-06-10T10:00:00Z,2026-06-10T09:30:00Z,2026-06-10,22,OTHER,510
FUELHH,2026-06-10T10:00:00Z,2026-06-10T09:30:00Z,2026-06-10,22,PS,-52
FUELHH,2026-06-10T10:00:00Z,2026-06-10T09:30:00Z,2026-06-10,22,WIND,4340
FUELHH,2026-06-10T09:30:00Z,2026-06-10T09:00:00Z,2026-06-10,21,BIOMASS,2412
FUELHH,2026-06-10T09:30:00Z,2026-06-10T09:00:00Z,2026-06-10,21,CCGT,7485
FUELHH,2026-06-10T09:30:00Z,2026-06-10T09:00:00Z,2026-06-10,21,COAL,0
FUELHH,2026-06-10T09:30:00Z,2026-06-10T09:00:00Z,2026-06-10,21,INTELEC,998
FUELHH,2026-06-10T09:30:00Z,2026-06-10T09:00:00Z,2026-06-10,21,INTEW,-152
FUELHH,2026-06-10T09:30:00Z,2026-06-10T09:00:00Z,2026-06-10,21,INTFR,1504
FUELHH,2026-06-10T09:30:00Z,2026-06-10T09:00:00Z,2026-06-10,21,INTGRNL,-514
FUELHH,2026-06-10T09:30:00Z,2026-06-10T09:00:00Z,2026-06-10,21,INTIFA2,-2
FUELHH,2026-06-10T09:30:00Z,2026-06-10T09:00:00Z,2026-06-10,21,INTIRL,-356
FUELHH,2026-06-10T09:30:00Z,2026-06-10T09:00:00Z,2026-06-10,21,INTNED,1050
FUELHH,2026-06-10T09:30:00Z,2026-06-10T09:00:00Z,2026-06-10,21,INTNEM,1016
FUELHH,2026-06-10T09:30:00Z,2026-06-10T09:00:00Z,2026-06-10,21,INTNSL,1398
FUELHH,2026-06-10T09:30:00Z,2026-06-10T09:00:00Z,2026-06-10,21,INTVKL,1426
FUELHH,2026-06-10T09:30:00Z,2026-06-10T09:00:00Z,2026-06-10,21,NPSHYD,563
FUELHH,2026-06-10T09:30:00Z,2026-06-10T09:00:00Z,2026-06-10,21,NUCLEAR,2978
FUELHH,2026-06-10T09:30:00Z,2026-06-10T09:00:00Z,2026-06-10,21,OCGT,2
FUELHH,2026-06-10T09:30:00Z,2026-06-10T09:00:00Z,2026-06-10,21,OIL,0
FUELHH,2026-06-10T09:30:00Z,2026-06-10T09:00:00Z,2026-06-10,21,OTHER,615
FUELHH,2026-06-10T09:30:00Z,2026-06-10T09:00:00Z,2026-06-10,21,PS,-16
FUELHH,2026-06-10T09:30:00Z,2026-06-10T09:00:00Z,2026-06-10,21,WIND,4030
FUELHH,2026-06-10T09:00:00Z,2026-06-10T08:30:00Z,2026-06-10,20,BIOMASS,2413
FUELHH,2026-06-10T09:00:00Z,2026-06-10T08:30:00Z,2026-06-10,20,CCGT,8088
FUELHH,2026-06-10T09:00:00Z,2026-06-10T08:30:00Z,2026-06-10,20,COAL,0
FUELHH,2026-06-10T09:00:00Z,2026-06-10T08:30:00Z,2026-06-10,20,INTELEC,998
FUELHH,2026-06-10T09:00:00Z,2026-06-10T08:30:00Z,2026-06-10,20,INTEW,-304
FUELHH,2026-06-10T09:00:00Z,2026-06-10T08:30:00Z,2026-06-10,20,INTFR,1502
FUELHH,2026-06-10T09:00:00Z,2026-06-10T08:30:00Z,2026-06-10,20,INTGRNL,-514
FUELHH,2026-06-10T09:00:00Z,2026-06-10T08:30:00Z,2026-06-10,20,INTIFA2,-2
FUELHH,2026-06-10T09:00:00Z,2026-06-10T08:30:00Z,2026-06-10,20,INTIRL,-412
FUELHH,2026-06-10T09:00:00Z,2026-06-10T08:30:00Z,2026-06-10,20,INTNED,1052
FUELHH,2026-06-10T09:00:00Z,2026-06-10T08:30:00Z,2026-06-10,20,INTNEM,950
FUELHH,2026-06-10T09:00:00Z,2026-06-10T08:30:00Z,2026-06-10,20,INTNSL,1398
FUELHH,2026-06-10T09:00:00Z,2026-06-10T08:30:00Z,2026-06-10,20,INTVKL,1426
FUELHH,2026-06-10T09:00:00Z,2026-06-10T08:30:00Z,2026-06-10,20,NPSHYD,450
FUELHH,2026-06-10T09:00:00Z,2026-06-10T08:30:00Z,2026-06-10,20,NUCLEAR,2979
FUELHH,2026-06-10T09:00:00Z,2026-06-10T08:30:00Z,2026-06-10,20,OCGT,2
FUELHH,2026-06-10T09:00:00Z,2026-06-10T08:30:00Z,2026-06-10,20,OIL,0
FUELHH,2026-06-10T09:00:00Z,2026-06-10T08:30:00Z,2026-06-10,20,OTHER,745
FUELHH,2026-06-10T09:00:00Z,2026-06-10T08:30:00Z,2026-06-10,20,PS,-16
FUELHH,2026-06-10T09:00:00Z,2026-06-10T08:30:00Z,2026-06-10,20,WIND,3877
FUELHH,2026-06-10T08:30:00Z,2026-06-10T08:00:00Z,2026-06-10,19,BIOMASS,2412
FUELHH,2026-06-10T08:30:00Z,2026-06-10T08:00:00Z,2026-06-10,19,CCGT,8202
FUELHH,2026-06-10T08:30:00Z,2026-06-10T08:00:00Z,2026-06-10,19,COAL,0
FUELHH,2026-06-10T08:30:00Z,2026-06-10T08:00:00Z,2026-06-10,19,INTELEC,998
FUELHH,2026-06-10T08:30:00Z,2026-06-10T08:00:00Z,2026-06-10,19,INTEW,-454
FUELHH,2026-06-10T08:30:00Z,2026-06-10T08:00:00Z,2026-06-10,19,INTFR,1502
FUELHH,2026-06-10T08:30:00Z,2026-06-10T08:00:00Z,2026-06-10,19,INTGRNL,-514
FUELHH,2026-06-10T08:30:00Z,2026-06-10T08:00:00Z,2026-06-10,19,INTIFA2,-2
FUELHH,2026-06-10T08:30:00Z,2026-06-10T08:00:00Z,2026-06-10,19,INTIRL,-452
FUELHH,2026-06-10T08:30:00Z,2026-06-10T08:00:00Z,2026-06-10,19,INTNED,1050
FUELHH,2026-06-10T08:30:00Z,2026-06-10T08:00:00Z,2026-06-10,19,INTNEM,950
FUELHH,2026-06-10T08:30:00Z,2026-06-10T08:00:00Z,2026-06-10,19,INTNSL,1398
FUELHH,2026-06-10T08:30:00Z,2026-06-10T08:00:00Z,2026-06-10,19,INTVKL,1426
FUELHH,2026-06-10T08:30:00Z,2026-06-10T08:00:00Z,2026-06-10,19,NPSHYD,459
FUELHH,2026-06-10T08:30:00Z,2026-06-10T08:00:00Z,2026-06-10,19,NUCLEAR,2980
FUELHH,2026-06-10T08:30:00Z,2026-06-10T08:00:00Z,2026-06-10,19,OCGT,2
FUELHH,2026-06-10T08:30:00Z,2026-06-10T08:00:00Z,2026-06-10,19,OIL,0
FUELHH,2026-06-10T08:30:00Z,2026-06-10T08:00:00Z,2026-06-10,19,OTHER,849
FUELHH,2026-06-10T08:30:00Z,2026-06-10T08:00:00Z,2026-06-10,19,PS,-16
FUELHH,2026-06-10T08:30:00Z,2026-06-10T08:00:00Z,2026-06-10,19,WIND,3825
FUELHH,2026-06-10T08:00:00Z,2026-06-10T07:30:00Z,2026-06-10,18,BIOMASS,2393
FUELHH,2026-06-10T08:00:00Z,2026-06-10T07:30:00Z,2026-06-10,18,CCGT,8185
FUELHH,2026-06-10T08:00:00Z,2026-06-10T07:30:00Z,2026-06-10,18,COAL,0
FUELHH,2026-06-10T08:00:00Z,2026-06-10T07:30:00Z,2026-06-10,18,INTELEC,998
FUELHH,2026-06-10T08:00:00Z,2026-06-10T07:30:00Z,2026-06-10,18,INTEW,-532
FUELHH,2026-06-10T08:00:00Z,2026-06-10T07:30:00Z,2026-06-10,18,INTFR,1504
FUELHH,2026-06-10T08:00:00Z,2026-06-10T07:30:00Z,2026-06-10,18,INTGRNL,-514
FUELHH,2026-06-10T08:00:00Z,2026-06-10T07:30:00Z,2026-06-10,18,INTIFA2,-2
FUELHH,2026-06-10T08:00:00Z,2026-06-10T07:30:00Z,2026-06-10,18,INTIRL,-452
FUELHH,2026-06-10T08:00:00Z,2026-06-10T07:30:00Z,2026-06-10,18,INTNED,1050
FUELHH,2026-06-10T08:00:00Z,2026-06-10T07:30:00Z,2026-06-10,18,INTNEM,942
FUELHH,2026-06-10T08:00:00Z,2026-06-10T07:30:00Z,2026-06-10,18,INTNSL,1398
FUELHH,2026-06-10T08:00:00Z,2026-06-10T07:30:00Z,2026-06-10,18,INTVKL,1426
FUELHH,2026-06-10T08:00:00Z,2026-06-10T07:30:00Z,2026-06-10,18,NPSHYD,618
FUELHH,2026-06-10T08:00:00Z,2026-06-10T07:30:00Z,2026-06-10,18,NUCLEAR,2977
FUELHH,2026-06-10T08:00:00Z,2026-06-10T07:30:00Z,2026-06-10,18,OCGT,2
FUELHH,2026-06-10T08:00:00Z,2026-06-10T07:30:00Z,2026-06-10,18,OIL,0
FUELHH,2026-06-10T08:00:00Z,2026-06-10T07:30:00Z,2026-06-10,18,OTHER,1318
FUELHH,2026-06-10T08:00:00Z,2026-06-10T07:30:00Z,2026-06-10,18,PS,-16
FUELHH,2026-06-10T08:00:00Z,2026-06-10T07:30:00Z,2026-06-10,18,WIND,3758
FUELHH,2026-06-10T07:30:00Z,2026-06-10T07:00:00Z,2026-06-10,17,BIOMASS,2392
FUELHH,2026-06-10T07:30:00Z,2026-06-10T07:00:00Z,2026-06-10,17,CCGT,8062
FUELHH,2026-06-10T07:30:00Z,2026-06-10T07:00:00Z,2026-06-10,17,COAL,0
FUELHH,2026-06-10T07:30:00Z,2026-06-10T07:00:00Z,2026-06-10,17,INTELEC,998
FUELHH,2026-06-10T07:30:00Z,2026-06-10T07:00:00Z,2026-06-10,17,INTEW,-532
FUELHH,2026-06-10T07:30:00Z,2026-06-10T07:00:00Z,2026-06-10,17,INTFR,1502
FUELHH,2026-06-10T07:30:00Z,2026-06-10T07:00:00Z,2026-06-10,17,INTGRNL,-514
FUELHH,2026-06-10T07:30:00Z,2026-06-10T07:00:00Z,2026-06-10,17,INTIFA2,-2
FUELHH,2026-06-10T07:30:00Z,2026-06-10T07:00:00Z,2026-06-10,17,INTIRL,-452
FUELHH,2026-06-10T07:30:00Z,2026-06-10T07:00:00Z,2026-06-10,17,INTNED,1040
FUELHH,2026-06-10T07:30:00Z,2026-06-10T07:00:00Z,2026-06-10,17,INTNEM,920
FUELHH,2026-06-10T07:30:00Z,2026-06-10T07:00:00Z,2026-06-10,17,INTNSL,1398
FUELHH,2026-06-10T07:30:00Z,2026-06-10T07:00:00Z,2026-06-10,17,INTVKL,1426
FUELHH,2026-06-10T07:30:00Z,2026-06-10T07:00:00Z,2026-06-10,17,NPSHYD,615
FUELHH,2026-06-10T07:30:00Z,2026-06-10T07:00:00Z,2026-06-10,17,NUCLEAR,2977
FUELHH,2026-06-10T07:30:00Z,2026-06-10T07:00:00Z,2026-06-10,17,OCGT,2
FUELHH,2026-06-10T07:30:00Z,2026-06-10T07:00:00Z,2026-06-10,17,OIL,0
FUELHH,2026-06-10T07:30:00Z,2026-06-10T07:00:00Z,2026-06-10,17,OTHER,1374
FUELHH,2026-06-10T07:30:00Z,2026-06-10T07:00:00Z,2026-06-10,17,PS,-14
FUELHH,2026-06-10T07:30:00Z,2026-06-10T07:00:00Z,2026-06-10,17,WIND,4138
FUELHH,2026-06-10T07:00:00Z,2026-06-10T06:30:00Z,2026-06-10,16,BIOMASS,2391
FUELHH,2026-06-10T07:00:00Z,2026-06-10T06:30:00Z,2026-06-10,16,CCGT,8296
FUELHH,2026-06-10T07:00:00Z,2026-06-10T06:30:00Z,2026-06-10,16,COAL,0
FUELHH,2026-06-10T07:00:00Z,2026-06-10T06:30:00Z,2026-06-10,16,INTELEC,998
FUELHH,2026-06-10T07:00:00Z,2026-06-10T06:30:00Z,2026-06-10,16,INTEW,-532
FUELHH,2026-06-10T07:00:00Z,2026-06-10T06:30:00Z,2026-06-10,16,INTFR,1504
FUELHH,2026-06-10T07:00:00Z,2026-06-10T06:30:00Z,2026-06-10,16,INTGRNL,-514
FUELHH,2026-06-10T07:00:00Z,2026-06-10T06:30:00Z,2026-06-10,16,INTIFA2,-2
FUELHH,2026-06-10T07:00:00Z,2026-06-10T06:30:00Z,2026-06-10,16,INTIRL,-452
FUELHH,2026-06-10T07:00:00Z,2026-06-10T06:30:00Z,2026-06-10,16,INTNED,592
FUELHH,2026-06-10T07:00:00Z,2026-06-10T06:30:00Z,2026-06-10,16,INTNEM,286
FUELHH,2026-06-10T07:00:00Z,2026-06-10T06:30:00Z,2026-06-10,16,INTNSL,1398
FUELHH,2026-06-10T07:00:00Z,2026-06-10T06:30:00Z,2026-06-10,16,INTVKL,1426
FUELHH,2026-06-10T07:00:00Z,2026-06-10T06:30:00Z,2026-06-10,16,NPSHYD,602
FUELHH,2026-06-10T07:00:00Z,2026-06-10T06:30:00Z,2026-06-10,16,NUCLEAR,2980
FUELHH,2026-06-10T07:00:00Z,2026-06-10T06:30:00Z,2026-06-10,16,OCGT,2
FUELHH,2026-06-10T07:00:00Z,2026-06-10T06:30:00Z,2026-06-10,16,OIL,0
FUELHH,2026-06-10T07:00:00Z,2026-06-10T06:30:00Z,2026-06-10,16,OTHER,1531
FUELHH,2026-06-10T07:00:00Z,2026-06-10T06:30:00Z,2026-06-10,16,PS,92
FUELHH,2026-06-10T07:00:00Z,2026-06-10T06:30:00Z,2026-06-10,16,WIND,4130
FUELHH,2026-06-10T06:30:00Z,2026-06-10T06:00:00Z,2026-06-10,15,BIOMASS,2388
FUELHH,2026-06-10T06:30:00Z,2026-06-10T06:00:00Z,2026-06-10,15,CCGT,8386
FUELHH,2026-06-10T06:30:00Z,2026-06-10T06:00:00Z,2026-06-10,15,COAL,0
FUELHH,2026-06-10T06:30:00Z,2026-06-10T06:00:00Z,2026-06-10,15,INTELEC,998
FUELHH,2026-06-10T06:30:00Z,2026-06-10T06:00:00Z,2026-06-10,15,INTEW,-532
FUELHH,2026-06-10T06:30:00Z,2026-06-10T06:00:00Z,2026-06-10,15,INTFR,1504
FUELHH,2026-06-10T06:30:00Z,2026-06-10T06:00:00Z,2026-06-10,15,INTGRNL,-514
FUELHH,2026-06-10T06:30:00Z,2026-06-10T06:00:00Z,2026-06-10,15,INTIFA2,-2
FUELHH,2026-06-10T06:30:00Z,2026-06-10T06:00:00Z,2026-06-10,15,INTIRL,-452
FUELHH,2026-06-10T06:30:00Z,2026-06-10T06:00:00Z,2026-06-10,15,INTNED,582
FUELHH,2026-06-10T06:30:00Z,2026-06-10T06:00:00Z,2026-06-10,15,INTNEM,266
FUELHH,2026-06-10T06:30:00Z,2026-06-10T06:00:00Z,2026-06-10,15,INTNSL,1386
FUELHH,2026-06-10T06:30:00Z,2026-06-10T06:00:00Z,2026-06-10,15,INTVKL,1398
FUELHH,2026-06-10T06:30:00Z,2026-06-10T06:00:00Z,2026-06-10,15,NPSHYD,652
FUELHH,2026-06-10T06:30:00Z,2026-06-10T06:00:00Z,2026-06-10,15,NUCLEAR,2980
FUELHH,2026-06-10T06:30:00Z,2026-06-10T06:00:00Z,2026-06-10,15,OCGT,2
FUELHH,2026-06-10T06:30:00Z,2026-06-10T06:00:00Z,2026-06-10,15,OIL,0
FUELHH,2026-06-10T06:30:00Z,2026-06-10T06:00:00Z,2026-06-10,15,OTHER,1093
FUELHH,2026-06-10T06:30:00Z,2026-06-10T06:00:00Z,2026-06-10,15,PS,-14
FUELHH,2026-06-10T06:30:00Z,2026-06-10T06:00:00Z,2026-06-10,15,WIND,4332
FUELHH,2026-06-10T06:00:00Z,2026-06-10T05:30:00Z,2026-06-10,14,BIOMASS,2393
FUELHH,2026-06-10T06:00:00Z,2026-06-10T05:30:00Z,2026-06-10,14,CCGT,7937
FUELHH,2026-06-10T06:00:00Z,2026-06-10T05:30:00Z,2026-06-10,14,COAL,0
FUELHH,2026-06-10T06:00:00Z,2026-06-10T05:30:00Z,2026-06-10,14,INTELEC,998
FUELHH,2026-06-10T06:00:00Z,2026-06-10T05:30:00Z,2026-06-10,14,INTEW,-514
FUELHH,2026-06-10T06:00:00Z,2026-06-10T05:30:00Z,2026-06-10,14,INTFR,1504
FUELHH,2026-06-10T06:00:00Z,2026-06-10T05:30:00Z,2026-06-10,14,INTGRNL,-514
FUELHH,2026-06-10T06:00:00Z,2026-06-10T05:30:00Z,2026-06-10,14,INTIFA2,-2
FUELHH,2026-06-10T06:00:00Z,2026-06-10T05:30:00Z,2026-06-10,14,INTIRL,-452
FUELHH,2026-06-10T06:00:00Z,2026-06-10T05:30:00Z,2026-06-10,14,INTNED,392
FUELHH,2026-06-10T06:00:00Z,2026-06-10T05:30:00Z,2026-06-10,14,INTNEM,110
FUELHH,2026-06-10T06:00:00Z,2026-06-10T05:30:00Z,2026-06-10,14,INTNSL,1280
FUELHH,2026-06-10T06:00:00Z,2026-06-10T05:30:00Z,2026-06-10,14,INTVKL,816
FUELHH,2026-06-10T06:00:00Z,2026-06-10T05:30:00Z,2026-06-10,14,NPSHYD,612
FUELHH,2026-06-10T06:00:00Z,2026-06-10T05:30:00Z,2026-06-10,14,NUCLEAR,2980
FUELHH,2026-06-10T06:00:00Z,2026-06-10T05:30:00Z,2026-06-10,14,OCGT,2
FUELHH,2026-06-10T06:00:00Z,2026-06-10T05:30:00Z,2026-06-10,14,OIL,0
FUELHH,2026-06-10T06:00:00Z,2026-06-10T05:30:00Z,2026-06-10,14,OTHER,1142
FUELHH,2026-06-10T06:00:00Z,2026-06-10T05:30:00Z,2026-06-10,14,PS,-12
FUELHH,2026-06-10T06:00:00Z,2026-06-10T05:30:00Z,2026-06-10,14,WIND,4535
FUELHH,2026-06-10T05:30:00Z,2026-06-10T05:00:00Z,2026-06-10,13,BIOMASS,2393
FUELHH,2026-06-10T05:30:00Z,2026-06-10T05:00:00Z,2026-06-10,13,CCGT,6994
FUELHH,2026-06-10T05:30:00Z,2026-06-10T05:00:00Z,2026-06-10,13,COAL,0
FUELHH,2026-06-10T05:30:00Z,2026-06-10T05:00:00Z,2026-06-10,13,INTELEC,998
FUELHH,2026-06-10T05:30:00Z,2026-06-10T05:00:00Z,2026-06-10,13,INTEW,-384
FUELHH,2026-06-10T05:30:00Z,2026-06-10T05:00:00Z,2026-06-10,13,INTFR,1504
FUELHH,2026-06-10T05:30:00Z,2026-06-10T05:00:00Z,2026-06-10,13,INTGRNL,-514
FUELHH,2026-06-10T05:30:00Z,2026-06-10T05:00:00Z,2026-06-10,13,INTIFA2,-2
FUELHH,2026-06-10T05:30:00Z,2026-06-10T05:00:00Z,2026-06-10,13,INTIRL,-418
FUELHH,2026-06-10T05:30:00Z,2026-06-10T05:00:00Z,2026-06-10,13,INTNED,362
FUELHH,2026-06-10T05:30:00Z,2026-06-10T05:00:00Z,2026-06-10,13,INTNEM,98
FUELHH,2026-06-10T05:30:00Z,2026-06-10T05:00:00Z,2026-06-10,13,INTNSL,1230
FUELHH,2026-06-10T05:30:00Z,2026-06-10T05:00:00Z,2026-06-10,13,INTVKL,756
FUELHH,2026-06-10T05:30:00Z,2026-06-10T05:00:00Z,2026-06-10,13,NPSHYD,535
FUELHH,2026-06-10T05:30:00Z,2026-06-10T05:00:00Z,2026-06-10,13,NUCLEAR,2980
FUELHH,2026-06-10T05:30:00Z,2026-06-10T05:00:00Z,2026-06-10,13,OCGT,2
FUELHH,2026-06-10T05:30:00Z,2026-06-10T05:00:00Z,2026-06-10,13,OIL,0
FUELHH,2026-06-10T05:30:00Z,2026-06-10T05:00:00Z,2026-06-10,13,OTHER,646
FUELHH,2026-06-10T05:30:00Z,2026-06-10T05:00:00Z,2026-06-10,13,PS,-12
FUELHH,2026-06-10T05:30:00Z,2026-06-10T05:00:00Z,2026-06-10,13,WIND,4859
FUELHH,2026-06-10T05:00:00Z,2026-06-10T04:30:00Z,2026-06-10,12,BIOMASS,2392
FUELHH,2026-06-10T05:00:00Z,2026-06-10T04:30:00Z,2026-06-10,12,CCGT,7066
FUELHH,2026-06-10T05:00:00Z,2026-06-10T04:30:00Z,2026-06-10,12,COAL,0
FUELHH,2026-06-10T05:00:00Z,2026-06-10T04:30:00Z,2026-06-10,12,INTELEC,998
FUELHH,2026-06-10T05:00:00Z,2026-06-10T04:30:00Z,2026-06-10,12,INTEW,-232
FUELHH,2026-06-10T05:00:00Z,2026-06-10T04:30:00Z,2026-06-10,12,INTFR,1504
FUELHH,2026-06-10T05:00:00Z,2026-06-10T04:30:00Z,2026-06-10,12,INTGRNL,-514
FUELHH,2026-06-10T05:00:00Z,2026-06-10T04:30:00Z,2026-06-10,12,INTIFA2,-2
FUELHH,2026-06-10T05:00:00Z,2026-06-10T04:30:00Z,2026-06-10,12,INTIRL,-334
FUELHH,2026-06-10T05:00:00Z,2026-06-10T04:30:00Z,2026-06-10,12,INTNED,0
FUELHH,2026-06-10T05:00:00Z,2026-06-10T04:30:00Z,2026-06-10,12,INTNEM,-376
FUELHH,2026-06-10T05:00:00Z,2026-06-10T04:30:00Z,2026-06-10,12,INTNSL,854
FUELHH,2026-06-10T05:00:00Z,2026-06-10T04:30:00Z,2026-06-10,12,INTVKL,28
FUELHH,2026-06-10T05:00:00Z,2026-06-10T04:30:00Z,2026-06-10,12,NPSHYD,234
FUELHH,2026-06-10T05:00:00Z,2026-06-10T04:30:00Z,2026-06-10,12,NUCLEAR,2980
FUELHH,2026-06-10T05:00:00Z,2026-06-10T04:30:00Z,2026-06-10,12,OCGT,2
FUELHH,2026-06-10T05:00:00Z,2026-06-10T04:30:00Z,2026-06-10,12,OIL,0
FUELHH,2026-06-10T05:00:00Z,2026-06-10T04:30:00Z,2026-06-10,12,OTHER,363
FUELHH,2026-06-10T05:00:00Z,2026-06-10T04:30:00Z,2026-06-10,12,PS,-12
FUELHH,2026-06-10T05:00:00Z,2026-06-10T04:30:00Z,2026-06-10,12,WIND,5425
FUELHH,2026-06-10T04:30:00Z,2026-06-10T04:00:00Z,2026-06-10,11,BIOMASS,2391
FUELHH,2026-06-10T04:30:00Z,2026-06-10T04:00:00Z,2026-06-10,11,CCGT,6420
FUELHH,2026-06-10T04:30:00Z,2026-06-10T04:00:00Z,2026-06-10,11,COAL,0
FUELHH,2026-06-10T04:30:00Z,2026-06-10T04:00:00Z,2026-06-10,11,INTELEC,998
FUELHH,2026-06-10T04:30:00Z,2026-06-10T04:00:00Z,2026-06-10,11,INTEW,-172
FUELHH,2026-06-10T04:30:00Z,2026-06-10T04:00:00Z,2026-06-10,11,INTFR,1504
FUELHH,2026-06-10T04:30:00Z,2026-06-10T04:00:00Z,2026-06-10,11,INTGRNL,-514
FUELHH,2026-06-10T04:30:00Z,2026-06-10T04:00:00Z,2026-06-10,11,INTIFA2,-2
FUELHH,2026-06-10T04:30:00Z,2026-06-10T04:00:00Z,2026-06-10,11,INTIRL,-332
FUELHH,2026-06-10T04:30:00Z,2026-06-10T04:00:00Z,2026-06-10,11,INTNED,0
FUELHH,2026-06-10T04:30:00Z,2026-06-10T04:00:00Z,2026-06-10,11,INTNEM,-370
FUELHH,2026-06-10T04:30:00Z,2026-06-10T04:00:00Z,2026-06-10,11,INTNSL,818
FUELHH,2026-06-10T04:30:00Z,2026-06-10T04:00:00Z,2026-06-10,11,INTVKL,4
FUELHH,2026-06-10T04:30:00Z,2026-06-10T04:00:00Z,2026-06-10,11,NPSHYD,216
FUELHH,2026-06-10T04:30:00Z,2026-06-10T04:00:00Z,2026-06-10,11,NUCLEAR,2974
FUELHH,2026-06-10T04:30:00Z,2026-06-10T04:00:00Z,2026-06-10,11,OCGT,2
FUELHH,2026-06-10T04:30:00Z,2026-06-10T04:00:00Z,2026-06-10,11,OIL,0
FUELHH,2026-06-10T04:30:00Z,2026-06-10T04:00:00Z,2026-06-10,11,OTHER,218
FUELHH,2026-06-10T04:30:00Z,2026-06-10T04:00:00Z,2026-06-10,11,PS,-28
FUELHH,2026-06-10T04:30:00Z,2026-06-10T04:00:00Z,2026-06-10,11,WIND,6238
FUELHH,2026-06-10T04:00:00Z,2026-06-10T03:30:00Z,2026-06-10,10,BIOMASS,2393
FUELHH,2026-06-10T04:00:00Z,2026-06-10T03:30:00Z,2026-06-10,10,CCGT,5689
FUELHH,2026-06-10T04:00:00Z,2026-06-10T03:30:00Z,2026-06-10,10,COAL,0
FUELHH,2026-06-10T04:00:00Z,2026-06-10T03:30:00Z,2026-06-10,10,INTELEC,998
FUELHH,2026-06-10T04:00:00Z,2026-06-10T03:30:00Z,2026-06-10,10,INTEW,-218
FUELHH,2026-06-10T04:00:00Z,2026-06-10T03:30:00Z,2026-06-10,10,INTFR,1504
FUELHH,2026-06-10T04:00:00Z,2026-06-10T03:30:00Z,2026-06-10,10,INTGRNL,-514
FUELHH,2026-06-10T04:00:00Z,2026-06-10T03:30:00Z,2026-06-10,10,INTIFA2,-2
FUELHH,2026-06-10T04:00:00Z,2026-06-10T03:30:00Z,2026-06-10,10,INTIRL,-332
FUELHH,2026-06-10T04:00:00Z,2026-06-10T03:30:00Z,2026-06-10,10,INTNED,258
FUELHH,2026-06-10T04:00:00Z,2026-06-10T03:30:00Z,2026-06-10,10,INTNEM,216
FUELHH,2026-06-10T04:00:00Z,2026-06-10T03:30:00Z,2026-06-10,10,INTNSL,818
FUELHH,2026-06-10T04:00:00Z,2026-06-10T03:30:00Z,2026-06-10,10,INTVKL,176
FUELHH,2026-06-10T04:00:00Z,2026-06-10T03:30:00Z,2026-06-10,10,NPSHYD,217
FUELHH,2026-06-10T04:00:00Z,2026-06-10T03:30:00Z,2026-06-10,10,NUCLEAR,2984
FUELHH,2026-06-10T04:00:00Z,2026-06-10T03:30:00Z,2026-06-10,10,OCGT,2
FUELHH,2026-06-10T04:00:00Z,2026-06-10T03:30:00Z,2026-06-10,10,OIL,0
FUELHH,2026-06-10T04:00:00Z,2026-06-10T03:30:00Z,2026-06-10,10,OTHER,144
FUELHH,2026-06-10T04:00:00Z,2026-06-10T03:30:00Z,2026-06-10,10,PS,-34
FUELHH,2026-06-10T04:00:00Z,2026-06-10T03:30:00Z,2026-06-10,10,WIND,6822
FUELHH,2026-06-10T03:30:00Z,2026-06-10T03:00:00Z,2026-06-10,9,BIOMASS,2394
FUELHH,2026-06-10T03:30:00Z,2026-06-10T03:00:00Z,2026-06-10,9,CCGT,5640
FUELHH,2026-06-10T03:30:00Z,2026-06-10T03:00:00Z,2026-06-10,9,COAL,0
FUELHH,2026-06-10T03:30:00Z,2026-06-10T03:00:00Z,2026-06-10,9,INTELEC,998
FUELHH,2026-06-10T03:30:00Z,2026-06-10T03:00:00Z,2026-06-10,9,INTEW,-278
FUELHH,2026-06-10T03:30:00Z,2026-06-10T03:00:00Z,2026-06-10,9,INTFR,1504
FUELHH,2026-06-10T03:30:00Z,2026-06-10T03:00:00Z,2026-06-10,9,INTGRNL,-514
FUELHH,2026-06-10T03:30:00Z,2026-06-10T03:00:00Z,2026-06-10,9,INTIFA2,-2
FUELHH,2026-06-10T03:30:00Z,2026-06-10T03:00:00Z,2026-06-10,9,INTIRL,-332
FUELHH,2026-06-10T03:30:00Z,2026-06-10T03:00:00Z,2026-06-10,9,INTNED,270
FUELHH,2026-06-10T03:30:00Z,2026-06-10T03:00:00Z,2026-06-10,9,INTNEM,238
FUELHH,2026-06-10T03:30:00Z,2026-06-10T03:00:00Z,2026-06-10,9,INTNSL,816
FUELHH,2026-06-10T03:30:00Z,2026-06-10T03:00:00Z,2026-06-10,9,INTVKL,178
FUELHH,2026-06-10T03:30:00Z,2026-06-10T03:00:00Z,2026-06-10,9,NPSHYD,216
FUELHH,2026-06-10T03:30:00Z,2026-06-10T03:00:00Z,2026-06-10,9,NUCLEAR,2975
FUELHH,2026-06-10T03:30:00Z,2026-06-10T03:00:00Z,2026-06-10,9,OCGT,2
FUELHH,2026-06-10T03:30:00Z,2026-06-10T03:00:00Z,2026-06-10,9,OIL,0
FUELHH,2026-06-10T03:30:00Z,2026-06-10T03:00:00Z,2026-06-10,9,OTHER,170
FUELHH,2026-06-10T03:30:00Z,2026-06-10T03:00:00Z,2026-06-10,9,PS,-6
FUELHH,2026-06-10T03:30:00Z,2026-06-10T03:00:00Z,2026-06-10,9,WIND,6534
FUELHH,2026-06-10T03:00:00Z,2026-06-10T02:30:00Z,2026-06-10,8,BIOMASS,2393
FUELHH,2026-06-10T03:00:00Z,2026-06-10T02:30:00Z,2026-06-10,8,CCGT,5401
FUELHH,2026-06-10T03:00:00Z,2026-06-10T02:30:00Z,2026-06-10,8,COAL,0
FUELHH,2026-06-10T03:00:00Z,2026-06-10T02:30:00Z,2026-06-10,8,INTELEC,998
FUELHH,2026-06-10T03:00:00Z,2026-06-10T02:30:00Z,2026-06-10,8,INTEW,-382
FUELHH,2026-06-10T03:00:00Z,2026-06-10T02:30:00Z,2026-06-10,8,INTFR,1504
FUELHH,2026-06-10T03:00:00Z,2026-06-10T02:30:00Z,2026-06-10,8,INTGRNL,-514
FUELHH,2026-06-10T03:00:00Z,2026-06-10T02:30:00Z,2026-06-10,8,INTIFA2,-2
FUELHH,2026-06-10T03:00:00Z,2026-06-10T02:30:00Z,2026-06-10,8,INTIRL,-332
FUELHH,2026-06-10T03:00:00Z,2026-06-10T02:30:00Z,2026-06-10,8,INTNED,454
FUELHH,2026-06-10T03:00:00Z,2026-06-10T02:30:00Z,2026-06-10,8,INTNEM,644
FUELHH,2026-06-10T03:00:00Z,2026-06-10T02:30:00Z,2026-06-10,8,INTNSL,810
FUELHH,2026-06-10T03:00:00Z,2026-06-10T02:30:00Z,2026-06-10,8,INTVKL,74
FUELHH,2026-06-10T03:00:00Z,2026-06-10T02:30:00Z,2026-06-10,8,NPSHYD,215
FUELHH,2026-06-10T03:00:00Z,2026-06-10T02:30:00Z,2026-06-10,8,NUCLEAR,2976
FUELHH,2026-06-10T03:00:00Z,2026-06-10T02:30:00Z,2026-06-10,8,OCGT,1
FUELHH,2026-06-10T03:00:00Z,2026-06-10T02:30:00Z,2026-06-10,8,OIL,0
FUELHH,2026-06-10T03:00:00Z,2026-06-10T02:30:00Z,2026-06-10,8,OTHER,160
FUELHH,2026-06-10T03:00:00Z,2026-06-10T02:30:00Z,2026-06-10,8,PS,-10
FUELHH,2026-06-10T03:00:00Z,2026-06-10T02:30:00Z,2026-06-10,8,WIND,6547
FUELHH,2026-06-10T02:30:00Z,2026-06-10T02:00:00Z,2026-06-10,7,BIOMASS,2389
FUELHH,2026-06-10T02:30:00Z,2026-06-10T02:00:00Z,2026-06-10,7,CCGT,5119
FUELHH,2026-06-10T02:30:00Z,2026-06-10T02:00:00Z,2026-06-10,7,COAL,0
FUELHH,2026-06-10T02:30:00Z,2026-06-10T02:00:00Z,2026-06-10,7,INTELEC,998
FUELHH,2026-06-10T02:30:00Z,2026-06-10T02:00:00Z,2026-06-10,7,INTEW,-440
FUELHH,2026-06-10T02:30:00Z,2026-06-10T02:00:00Z,2026-06-10,7,INTFR,1504
FUELHH,2026-06-10T02:30:00Z,2026-06-10T02:00:00Z,2026-06-10,7,INTGRNL,-514
FUELHH,2026-06-10T02:30:00Z,2026-06-10T02:00:00Z,2026-06-10,7,INTIFA2,-2
FUELHH,2026-06-10T02:30:00Z,2026-06-10T02:00:00Z,2026-06-10,7,INTIRL,-332
FUELHH,2026-06-10T02:30:00Z,2026-06-10T02:00:00Z,2026-06-10,7,INTNED,454
FUELHH,2026-06-10T02:30:00Z,2026-06-10T02:00:00Z,2026-06-10,7,INTNEM,654
FUELHH,2026-06-10T02:30:00Z,2026-06-10T02:00:00Z,2026-06-10,7,INTNSL,848
FUELHH,2026-06-10T02:30:00Z,2026-06-10T02:00:00Z,2026-06-10,7,INTVKL,76
FUELHH,2026-06-10T02:30:00Z,2026-06-10T02:00:00Z,2026-06-10,7,NPSHYD,216
FUELHH,2026-06-10T02:30:00Z,2026-06-10T02:00:00Z,2026-06-10,7,NUCLEAR,2967
FUELHH,2026-06-10T02:30:00Z,2026-06-10T02:00:00Z,2026-06-10,7,OCGT,1
FUELHH,2026-06-10T02:30:00Z,2026-06-10T02:00:00Z,2026-06-10,7,OIL,0
FUELHH,2026-06-10T02:30:00Z,2026-06-10T02:00:00Z,2026-06-10,7,OTHER,261
FUELHH,2026-06-10T02:30:00Z,2026-06-10T02:00:00Z,2026-06-10,7,PS,-10
FUELHH,2026-06-10T02:30:00Z,2026-06-10T02:00:00Z,2026-06-10,7,WIND,7100
FUELHH,2026-06-10T02:00:00Z,2026-06-10T01:30:00Z,2026-06-10,6,BIOMASS,2392
FUELHH,2026-06-10T02:00:00Z,2026-06-10T01:30:00Z,2026-06-10,6,CCGT,4689
FUELHH,2026-06-10T02:00:00Z,2026-06-10T01:30:00Z,2026-06-10,6,COAL,0
FUELHH,2026-06-10T02:00:00Z,2026-06-10T01:30:00Z,2026-06-10,6,INTELEC,998
FUELHH,2026-06-10T02:00:00Z,2026-06-10T01:30:00Z,2026-06-10,6,INTEW,-458
FUELHH,2026-06-10T02:00:00Z,2026-06-10T01:30:00Z,2026-06-10,6,INTFR,1504
FUELHH,2026-06-10T02:00:00Z,2026-06-10T01:30:00Z,2026-06-10,6,INTGRNL,-514
FUELHH,2026-06-10T02:00:00Z,2026-06-10T01:30:00Z,2026-06-10,6,INTIFA2,-2
FUELHH,2026-06-10T02:00:00Z,2026-06-10T01:30:00Z,2026-06-10,6,INTIRL,-332
FUELHH,2026-06-10T02:00:00Z,2026-06-10T01:30:00Z,2026-06-10,6,INTNED,438
FUELHH,2026-06-10T02:00:00Z,2026-06-10T01:30:00Z,2026-06-10,6,INTNEM,876
FUELHH,2026-06-10T02:00:00Z,2026-06-10T01:30:00Z,2026-06-10,6,INTNSL,1208
FUELHH,2026-06-10T02:00:00Z,2026-06-10T01:30:00Z,2026-06-10,6,INTVKL,166
FUELHH,2026-06-10T02:00:00Z,2026-06-10T01:30:00Z,2026-06-10,6,NPSHYD,249
FUELHH,2026-06-10T02:00:00Z,2026-06-10T01:30:00Z,2026-06-10,6,NUCLEAR,2968
FUELHH,2026-06-10T02:00:00Z,2026-06-10T01:30:00Z,2026-06-10,6,OCGT,1
FUELHH,2026-06-10T02:00:00Z,2026-06-10T01:30:00Z,2026-06-10,6,OIL,0
FUELHH,2026-06-10T02:00:00Z,2026-06-10T01:30:00Z,2026-06-10,6,OTHER,181
FUELHH,2026-06-10T02:00:00Z,2026-06-10T01:30:00Z,2026-06-10,6,PS,-10
FUELHH,2026-06-10T02:00:00Z,2026-06-10T01:30:00Z,2026-06-10,6,WIND,7757
FUELHH,2026-06-10T01:30:00Z,2026-06-10T01:00:00Z,2026-06-10,5,BIOMASS,2390
FUELHH,2026-06-10T01:30:00Z,2026-06-10T01:00:00Z,2026-06-10,5,CCGT,4978
FUELHH,2026-06-10T01:30:00Z,2026-06-10T01:00:00Z,2026-06-10,5,COAL,0
FUELHH,2026-06-10T01:30:00Z,2026-06-10T01:00:00Z,2026-06-10,5,INTELEC,998
FUELHH,2026-06-10T01:30:00Z,2026-06-10T01:00:00Z,2026-06-10,5,INTEW,-510
FUELHH,2026-06-10T01:30:00Z,2026-06-10T01:00:00Z,2026-06-10,5,INTFR,1504
FUELHH,2026-06-10T01:30:00Z,2026-06-10T01:00:00Z,2026-06-10,5,INTGRNL,-514
FUELHH,2026-06-10T01:30:00Z,2026-06-10T01:00:00Z,2026-06-10,5,INTIFA2,-2
FUELHH,2026-06-10T01:30:00Z,2026-06-10T01:00:00Z,2026-06-10,5,INTIRL,-332
FUELHH,2026-06-10T01:30:00Z,2026-06-10T01:00:00Z,2026-06-10,5,INTNED,438
FUELHH,2026-06-10T01:30:00Z,2026-06-10T01:00:00Z,2026-06-10,5,INTNEM,880
FUELHH,2026-06-10T01:30:00Z,2026-06-10T01:00:00Z,2026-06-10,5,INTNSL,1242
FUELHH,2026-06-10T01:30:00Z,2026-06-10T01:00:00Z,2026-06-10,5,INTVKL,168
FUELHH,2026-06-10T01:30:00Z,2026-06-10T01:00:00Z,2026-06-10,5,NPSHYD,252
FUELHH,2026-06-10T01:30:00Z,2026-06-10T01:00:00Z,2026-06-10,5,NUCLEAR,2973
FUELHH,2026-06-10T01:30:00Z,2026-06-10T01:00:00Z,2026-06-10,5,OCGT,2
FUELHH,2026-06-10T01:30:00Z,2026-06-10T01:00:00Z,2026-06-10,5,OIL,0
FUELHH,2026-06-10T01:30:00Z,2026-06-10T01:00:00Z,2026-06-10,5,OTHER,140
FUELHH,2026-06-10T01:30:00Z,2026-06-10T01:00:00Z,2026-06-10,5,PS,-10
FUELHH,2026-06-10T01:30:00Z,2026-06-10T01:00:00Z,2026-06-10,5,WIND,7904
FUELHH,2026-06-10T01:00:00Z,2026-06-10T00:30:00Z,2026-06-10,4,BIOMASS,2389
FUELHH,2026-06-10T01:00:00Z,2026-06-10T00:30:00Z,2026-06-10,4,CCGT,5100
FUELHH,2026-06-10T01:00:00Z,2026-06-10T00:30:00Z,2026-06-10,4,COAL,0
FUELHH,2026-06-10T01:00:00Z,2026-06-10T00:30:00Z,2026-06-10,4,INTELEC,998
FUELHH,2026-06-10T01:00:00Z,2026-06-10T00:30:00Z,2026-06-10,4,INTEW,-418
FUELHH,2026-06-10T01:00:00Z,2026-06-10T00:30:00Z,2026-06-10,4,INTFR,1504
FUELHH,2026-06-10T01:00:00Z,2026-06-10T00:30:00Z,2026-06-10,4,INTGRNL,-514
FUELHH,2026-06-10T01:00:00Z,2026-06-10T00:30:00Z,2026-06-10,4,INTIFA2,-2
FUELHH,2026-06-10T01:00:00Z,2026-06-10T00:30:00Z,2026-06-10,4,INTIRL,-332
FUELHH,2026-06-10T01:00:00Z,2026-06-10T00:30:00Z,2026-06-10,4,INTNED,338
FUELHH,2026-06-10T01:00:00Z,2026-06-10T00:30:00Z,2026-06-10,4,INTNEM,996
FUELHH,2026-06-10T01:00:00Z,2026-06-10T00:30:00Z,2026-06-10,4,INTNSL,1218
FUELHH,2026-06-10T01:00:00Z,2026-06-10T00:30:00Z,2026-06-10,4,INTVKL,152
FUELHH,2026-06-10T01:00:00Z,2026-06-10T00:30:00Z,2026-06-10,4,NPSHYD,274
FUELHH,2026-06-10T01:00:00Z,2026-06-10T00:30:00Z,2026-06-10,4,NUCLEAR,2971
FUELHH,2026-06-10T01:00:00Z,2026-06-10T00:30:00Z,2026-06-10,4,OCGT,1
FUELHH,2026-06-10T01:00:00Z,2026-06-10T00:30:00Z,2026-06-10,4,OIL,0
FUELHH,2026-06-10T01:00:00Z,2026-06-10T00:30:00Z,2026-06-10,4,OTHER,160
FUELHH,2026-06-10T01:00:00Z,2026-06-10T00:30:00Z,2026-06-10,4,PS,-10
FUELHH,2026-06-10T01:00:00Z,2026-06-10T00:30:00Z,2026-06-10,4,WIND,7725
FUELHH,2026-06-10T00:30:00Z,2026-06-10T00:00:00Z,2026-06-10,3,BIOMASS,2385
FUELHH,2026-06-10T00:30:00Z,2026-06-10T00:00:00Z,2026-06-10,3,CCGT,5131
FUELHH,2026-06-10T00:30:00Z,2026-06-10T00:00:00Z,2026-06-10,3,COAL,0
FUELHH,2026-06-10T00:30:00Z,2026-06-10T00:00:00Z,2026-06-10,3,INTELEC,998
FUELHH,2026-06-10T00:30:00Z,2026-06-10T00:00:00Z,2026-06-10,3,INTEW,-514
FUELHH,2026-06-10T00:30:00Z,2026-06-10T00:00:00Z,2026-06-10,3,INTFR,1502
FUELHH,2026-06-10T00:30:00Z,2026-06-10T00:00:00Z,2026-06-10,3,INTGRNL,-514
FUELHH,2026-06-10T00:30:00Z,2026-06-10T00:00:00Z,2026-06-10,3,INTIFA2,-2
FUELHH,2026-06-10T00:30:00Z,2026-06-10T00:00:00Z,2026-06-10,3,INTIRL,-332
FUELHH,2026-06-10T00:30:00Z,2026-06-10T00:00:00Z,2026-06-10,3,INTNED,348
FUELHH,2026-06-10T00:30:00Z,2026-06-10T00:00:00Z,2026-06-10,3,INTNEM,994
FUELHH,2026-06-10T00:30:00Z,2026-06-10T00:00:00Z,2026-06-10,3,INTNSL,1204
FUELHH,2026-06-10T00:30:00Z,2026-06-10T00:00:00Z,2026-06-10,3,INTVKL,164
FUELHH,2026-06-10T00:30:00Z,2026-06-10T00:00:00Z,2026-06-10,3,NPSHYD,276
FUELHH,2026-06-10T00:30:00Z,2026-06-10T00:00:00Z,2026-06-10,3,NUCLEAR,2969
FUELHH,2026-06-10T00:30:00Z,2026-06-10T00:00:00Z,2026-06-10,3,OCGT,1
FUELHH,2026-06-10T00:30:00Z,2026-06-10T00:00:00Z,2026-06-10,3,OIL,0
FUELHH,2026-06-10T00:30:00Z,2026-06-10T00:00:00Z,2026-06-10,3,OTHER,156
FUELHH,2026-06-10T00:30:00Z,2026-06-10T00:00:00Z,2026-06-10,3,PS,-10
FUELHH,2026-06-10T00:30:00Z,2026-06-10T00:00:00Z,2026-06-10,3,WIND,7899
FUELHH,2026-06-10T00:00:00Z,2026-06-09T23:30:00Z,2026-06-10,2,BIOMASS,2390
FUELHH,2026-06-10T00:00:00Z,2026-06-09T23:30:00Z,2026-06-10,2,CCGT,5016
FUELHH,2026-06-10T00:00:00Z,2026-06-09T23:30:00Z,2026-06-10,2,COAL,0
FUELHH,2026-06-10T00:00:00Z,2026-06-09T23:30:00Z,2026-06-10,2,INTELEC,998
FUELHH,2026-06-10T00:00:00Z,2026-06-09T23:30:00Z,2026-06-10,2,INTEW,-532
FUELHH,2026-06-10T00:00:00Z,2026-06-09T23:30:00Z,2026-06-10,2,INTFR,1504
FUELHH,2026-06-10T00:00:00Z,2026-06-09T23:30:00Z,2026-06-10,2,INTGRNL,-514
FUELHH,2026-06-10T00:00:00Z,2026-06-09T23:30:00Z,2026-06-10,2,INTIFA2,-2
FUELHH,2026-06-10T00:00:00Z,2026-06-09T23:30:00Z,2026-06-10,2,INTIRL,-332
FUELHH,2026-06-10T00:00:00Z,2026-06-09T23:30:00Z,2026-06-10,2,INTNED,798
FUELHH,2026-06-10T00:00:00Z,2026-06-09T23:30:00Z,2026-06-10,2,INTNEM,702
FUELHH,2026-06-10T00:00:00Z,2026-06-09T23:30:00Z,2026-06-10,2,INTNSL,1092
FUELHH,2026-06-10T00:00:00Z,2026-06-09T23:30:00Z,2026-06-10,2,INTVKL,416
FUELHH,2026-06-10T00:00:00Z,2026-06-09T23:30:00Z,2026-06-10,2,NPSHYD,351
FUELHH,2026-06-10T00:00:00Z,2026-06-09T23:30:00Z,2026-06-10,2,NUCLEAR,2971
FUELHH,2026-06-10T00:00:00Z,2026-06-09T23:30:00Z,2026-06-10,2,OCGT,2
FUELHH,2026-06-10T00:00:00Z,2026-06-09T23:30:00Z,2026-06-10,2,OIL,0
FUELHH,2026-06-10T00:00:00Z,2026-06-09T23:30:00Z,2026-06-10,2,OTHER,137
FUELHH,2026-06-10T00:00:00Z,2026-06-09T23:30:00Z,2026-06-10,2,PS,-12
FUELHH,2026-06-10T00:00:00Z,2026-06-09T23:30:00Z,2026-06-10,2,WIND,8024
FUELHH,2026-06-09T23:30:00Z,2026-06-09T23:00:00Z,2026-06-10,1,BIOMASS,2393
FUELHH,2026-06-09T23:30:00Z,2026-06-09T23:00:00Z,2026-06-10,1,CCGT,5109
FUELHH,2026-06-09T23:30:00Z,2026-06-09T23:00:00Z,2026-06-10,1,COAL,0
FUELHH,2026-06-09T23:30:00Z,2026-06-09T23:00:00Z,2026-06-10,1,INTELEC,998
FUELHH,2026-06-09T23:30:00Z,2026-06-09T23:00:00Z,2026-06-10,1,INTEW,-532
FUELHH,2026-06-09T23:30:00Z,2026-06-09T23:00:00Z,2026-06-10,1,INTFR,1504
FUELHH,2026-06-09T23:30:00Z,2026-06-09T23:00:00Z,2026-06-10,1,INTGRNL,-514
FUELHH,2026-06-09T23:30:00Z,2026-06-09T23:00:00Z,2026-06-10,1,INTIFA2,-2
FUELHH,2026-06-09T23:30:00Z,2026-06-09T23:00:00Z,2026-06-10,1,INTIRL,-336
FUELHH,2026-06-09T23:30:00Z,2026-06-09T23:00:00Z,2026-06-10,1,INTNED,806
FUELHH,2026-06-09T23:30:00Z,2026-06-09T23:00:00Z,2026-06-10,1,INTNEM,700
FUELHH,2026-06-09T23:30:00Z,2026-06-09T23:00:00Z,2026-06-10,1,INTNSL,1102
FUELHH,2026-06-09T23:30:00Z,2026-06-09T23:00:00Z,2026-06-10,1,INTVKL,410
FUELHH,2026-06-09T23:30:00Z,2026-06-09T23:00:00Z,2026-06-10,1,NPSHYD,380
FUELHH,2026-06-09T23:30:00Z,2026-06-09T23:00:00Z,2026-06-10,1,NUCLEAR,2971
FUELHH,2026-06-09T23:30:00Z,2026-06-09T23:00:00Z,2026-06-10,1,OCGT,2
FUELHH,2026-06-09T23:30:00Z,2026-06-09T23:00:00Z,2026-06-10,1,OIL,0
FUELHH,2026-06-09T23:30:00Z,2026-06-09T23:00:00Z,2026-06-10,1,OTHER,161
FUELHH,2026-06-09T23:30:00Z,2026-06-09T23:00:00Z,2026-06-10,1,PS,-12
FUELHH,2026-06-09T23:30:00Z,2026-06-09T23:00:00Z,2026-06-10,1,WIND,7697
FUELHH,2026-06-09T23:00:00Z,2026-06-09T22:30:00Z,2026-06-09,48,BIOMASS,2390
FUELHH,2026-06-09T23:00:00Z,2026-06-09T22:30:00Z,2026-06-09,48,CCGT,5708
FUELHH,2026-06-09T23:00:00Z,2026-06-09T22:30:00Z,2026-06-09,48,COAL,0
FUELHH,2026-06-09T23:00:00Z,2026-06-09T22:30:00Z,2026-06-09,48,INTELEC,998
FUELHH,2026-06-09T23:00:00Z,2026-06-09T22:30:00Z,2026-06-09,48,INTEW,-532
FUELHH,2026-06-09T23:00:00Z,2026-06-09T22:30:00Z,2026-06-09,48,INTFR,1504
FUELHH,2026-06-09T23:00:00Z,2026-06-09T22:30:00Z,2026-06-09,48,INTGRNL,-514
FUELHH,2026-06-09T23:00:00Z,2026-06-09T22:30:00Z,2026-06-09,48,INTIFA2,-2
FUELHH,2026-06-09T23:00:00Z,2026-06-09T22:30:00Z,2026-06-09,48,INTIRL,-428
FUELHH,2026-06-09T23:00:00Z,2026-06-09T22:30:00Z,2026-06-09,48,INTNED,664
FUELHH,2026-06-09T23:00:00Z,2026-06-09T22:30:00Z,2026-06-09,48,INTNEM,700
FUELHH,2026-06-09T23:00:00Z,2026-06-09T22:30:00Z,2026-06-09,48,INTNSL,1326
FUELHH,2026-06-09T23:00:00Z,2026-06-09T22:30:00Z,2026-06-09,48,INTVKL,86
FUELHH,2026-06-09T23:00:00Z,2026-06-09T22:30:00Z,2026-06-09,48,NPSHYD,492
FUELHH,2026-06-09T23:00:00Z,2026-06-09T22:30:00Z,2026-06-09,48,NUCLEAR,2967
FUELHH,2026-06-09T23:00:00Z,2026-06-09T22:30:00Z,2026-06-09,48,OCGT,1
FUELHH,2026-06-09T23:00:00Z,2026-06-09T22:30:00Z,2026-06-09,48,OIL,0
FUELHH,2026-06-09T23:00:00Z,2026-06-09T22:30:00Z,2026-06-09,48,OTHER,234
FUELHH,2026-06-09T23:00:00Z,2026-06-09T22:30:00Z,2026-06-09,48,PS,-2
FUELHH,2026-06-09T23:00:00Z,2026-06-09T22:30:00Z,2026-06-09,48,WIND,7434
FUELHH,2026-06-09T22:30:00Z,2026-06-09T22:00:00Z,2026-06-09,47,BIOMASS,2389
FUELHH,2026-06-09T22:30:00Z,2026-06-09T22:00:00Z,2026-06-09,47,CCGT,6436
FUELHH,2026-06-09T22:30:00Z,2026-06-09T22:00:00Z,2026-06-09,47,COAL,0
FUELHH,2026-06-09T22:30:00Z,2026-06-09T22:00:00Z,2026-06-09,47,INTELEC,998
FUELHH,2026-06-09T22:30:00Z,2026-06-09T22:00:00Z,2026-06-09,47,INTEW,-532
FUELHH,2026-06-09T22:30:00Z,2026-06-09T22:00:00Z,2026-06-09,47,INTFR,1502
FUELHH,2026-06-09T22:30:00Z,2026-06-09T22:00:00Z,2026-06-09,47,INTGRNL,-514
FUELHH,2026-06-09T22:30:00Z,2026-06-09T22:00:00Z,2026-06-09,47,INTIFA2,-2
FUELHH,2026-06-09T22:30:00Z,2026-06-09T22:00:00Z,2026-06-09,47,INTIRL,-452
FUELHH,2026-06-09T22:30:00Z,2026-06-09T22:00:00Z,2026-06-09,47,INTNED,664
FUELHH,2026-06-09T22:30:00Z,2026-06-09T22:00:00Z,2026-06-09,47,INTNEM,700
FUELHH,2026-06-09T22:30:00Z,2026-06-09T22:00:00Z,2026-06-09,47,INTNSL,1352
FUELHH,2026-06-09T22:30:00Z,2026-06-09T22:00:00Z,2026-06-09,47,INTVKL,90
FUELHH,2026-06-09T22:30:00Z,2026-06-09T22:00:00Z,2026-06-09,47,NPSHYD,496
FUELHH,2026-06-09T22:30:00Z,2026-06-09T22:00:00Z,2026-06-09,47,NUCLEAR,2968
FUELHH,2026-06-09T22:30:00Z,2026-06-09T22:00:00Z,2026-06-09,47,OCGT,1
FUELHH,2026-06-09T22:30:00Z,2026-06-09T22:00:00Z,2026-06-09,47,OIL,0
FUELHH,2026-06-09T22:30:00Z,2026-06-09T22:00:00Z,2026-06-09,47,OTHER,187
FUELHH,2026-06-09T22:30:00Z,2026-06-09T22:00:00Z,2026-06-09,47,PS,370
FUELHH,2026-06-09T22:30:00Z,2026-06-09T22:00:00Z,2026-06-09,47,WIND,7142
FUELHH,2026-06-09T22:00:00Z,2026-06-09T21:30:00Z,2026-06-09,46,BIOMASS,2390
FUELHH,2026-06-09T22:00:00Z,2026-06-09T21:30:00Z,2026-06-09,46,CCGT,7874
FUELHH,2026-06-09T22:00:00Z,2026-06-09T21:30:00Z,2026-06-09,46,COAL,0
FUELHH,2026-06-09T22:00:00Z,2026-06-09T21:30:00Z,2026-06-09,46,INTELEC,998
FUELHH,2026-06-09T22:00:00Z,2026-06-09T21:30:00Z,2026-06-09,46,INTEW,-532
FUELHH,2026-06-09T22:00:00Z,2026-06-09T21:30:00Z,2026-06-09,46,INTFR,1502
FUELHH,2026-06-09T22:00:00Z,2026-06-09T21:30:00Z,2026-06-09,46,INTGRNL,-514
FUELHH,2026-06-09T22:00:00Z,2026-06-09T21:30:00Z,2026-06-09,46,INTIFA2,-2
FUELHH,2026-06-09T22:00:00Z,2026-06-09T21:30:00Z,2026-06-09,46,INTIRL,-452
FUELHH,2026-06-09T22:00:00Z,2026-06-09T21:30:00Z,2026-06-09,46,INTNED,696
FUELHH,2026-06-09T22:00:00Z,2026-06-09T21:30:00Z,2026-06-09,46,INTNEM,698
FUELHH,2026-06-09T22:00:00Z,2026-06-09T21:30:00Z,2026-06-09,46,INTNSL,1392
FUELHH,2026-06-09T22:00:00Z,2026-06-09T21:30:00Z,2026-06-09,46,INTVKL,424
FUELHH,2026-06-09T22:00:00Z,2026-06-09T21:30:00Z,2026-06-09,46,NPSHYD,543
FUELHH,2026-06-09T22:00:00Z,2026-06-09T21:30:00Z,2026-06-09,46,NUCLEAR,2975
FUELHH,2026-06-09T22:00:00Z,2026-06-09T21:30:00Z,2026-06-09,46,OCGT,1
FUELHH,2026-06-09T22:00:00Z,2026-06-09T21:30:00Z,2026-06-09,46,OIL,0
FUELHH,2026-06-09T22:00:00Z,2026-06-09T21:30:00Z,2026-06-09,46,OTHER,159
FUELHH,2026-06-09T22:00:00Z,2026-06-09T21:30:00Z,2026-06-09,46,PS,228
FUELHH,2026-06-09T22:00:00Z,2026-06-09T21:30:00Z,2026-06-09,46,WIND,6649
FUELHH,2026-06-09T21:30:00Z,2026-06-09T21:00:00Z,2026-06-09,45,BIOMASS,2391
FUELHH,2026-06-09T21:30:00Z,2026-06-09T21:00:00Z,2026-06-09,45,CCGT,8573
FUELHH,2026-06-09T21:30:00Z,2026-06-09T21:00:00Z,2026-06-09,45,COAL,0
FUELHH,2026-06-09T21:30:00Z,2026-06-09T21:00:00Z,2026-06-09,45,INTELEC,996
FUELHH,2026-06-09T21:30:00Z,2026-06-09T21:00:00Z,2026-06-09,45,INTEW,-532
FUELHH,2026-06-09T21:30:00Z,2026-06-09T21:00:00Z,2026-06-09,45,INTFR,1502
FUELHH,2026-06-09T21:30:00Z,2026-06-09T21:00:00Z,2026-06-09,45,INTGRNL,-514
FUELHH,2026-06-09T21:30:00Z,2026-06-09T21:00:00Z,2026-06-09,45,INTIFA2,-2
FUELHH,2026-06-09T21:30:00Z,2026-06-09T21:00:00Z,2026-06-09,45,INTIRL,-452
FUELHH,2026-06-09T21:30:00Z,2026-06-09T21:00:00Z,2026-06-09,45,INTNED,692
FUELHH,2026-06-09T21:30:00Z,2026-06-09T21:00:00Z,2026-06-09,45,INTNEM,696
FUELHH,2026-06-09T21:30:00Z,2026-06-09T21:00:00Z,2026-06-09,45,INTNSL,1398
FUELHH,2026-06-09T21:30:00Z,2026-06-09T21:00:00Z,2026-06-09,45,INTVKL,438
FUELHH,2026-06-09T21:30:00Z,2026-06-09T21:00:00Z,2026-06-09,45,NPSHYD,547
FUELHH,2026-06-09T21:30:00Z,2026-06-09T21:00:00Z,2026-06-09,45,NUCLEAR,2972
FUELHH,2026-06-09T21:30:00Z,2026-06-09T21:00:00Z,2026-06-09,45,OCGT,2
FUELHH,2026-06-09T21:30:00Z,2026-06-09T21:00:00Z,2026-06-09,45,OIL,0
FUELHH,2026-06-09T21:30:00Z,2026-06-09T21:00:00Z,2026-06-09,45,OTHER,258
FUELHH,2026-06-09T21:30:00Z,2026-06-09T21:00:00Z,2026-06-09,45,PS,388
FUELHH,2026-06-09T21:30:00Z,2026-06-09T21:00:00Z,2026-06-09,45,WIND,6508
FUELHH,2026-06-09T21:00:00Z,2026-06-09T20:30:00Z,2026-06-09,44,BIOMASS,2390
FUELHH,2026-06-09T21:00:00Z,2026-06-09T20:30:00Z,2026-06-09,44,CCGT,8568
FUELHH,2026-06-09T21:00:00Z,2026-06-09T20:30:00Z,2026-06-09,44,COAL,0
FUELHH,2026-06-09T21:00:00Z,2026-06-09T20:30:00Z,2026-06-09,44,INTELEC,996
FUELHH,2026-06-09T21:00:00Z,2026-06-09T20:30:00Z,2026-06-09,44,INTEW,-532
FUELHH,2026-06-09T21:00:00Z,2026-06-09T20:30:00Z,2026-06-09,44,INTFR,1502
FUELHH,2026-06-09T21:00:00Z,2026-06-09T20:30:00Z,2026-06-09,44,INTGRNL,-514
FUELHH,2026-06-09T21:00:00Z,2026-06-09T20:30:00Z,2026-06-09,44,INTIFA2,-2
FUELHH,2026-06-09T21:00:00Z,2026-06-09T20:30:00Z,2026-06-09,44,INTIRL,-452
FUELHH,2026-06-09T21:00:00Z,2026-06-09T20:30:00Z,2026-06-09,44,INTNED,438
FUELHH,2026-06-09T21:00:00Z,2026-06-09T20:30:00Z,2026-06-09,44,INTNEM,480
FUELHH,2026-06-09T21:00:00Z,2026-06-09T20:30:00Z,2026-06-09,44,INTNSL,1398
FUELHH,2026-06-09T21:00:00Z,2026-06-09T20:30:00Z,2026-06-09,44,INTVKL,434
FUELHH,2026-06-09T21:00:00Z,2026-06-09T20:30:00Z,2026-06-09,44,NPSHYD,569
FUELHH,2026-06-09T21:00:00Z,2026-06-09T20:30:00Z,2026-06-09,44,NUCLEAR,2970
FUELHH,2026-06-09T21:00:00Z,2026-06-09T20:30:00Z,2026-06-09,44,OCGT,3
FUELHH,2026-06-09T21:00:00Z,2026-06-09T20:30:00Z,2026-06-09,44,OIL,0
FUELHH,2026-06-09T21:00:00Z,2026-06-09T20:30:00Z,2026-06-09,44,OTHER,1061
FUELHH,2026-06-09T21:00:00Z,2026-06-09T20:30:00Z,2026-06-09,44,PS,828
FUELHH,2026-06-09T21:00:00Z,2026-06-09T20:30:00Z,2026-06-09,44,WIND,6230
FUELHH,2026-06-09T20:30:00Z,2026-06-09T20:00:00Z,2026-06-09,43,BIOMASS,2392
FUELHH,2026-06-09T20:30:00Z,2026-06-09T20:00:00Z,2026-06-09,43,CCGT,8403
FUELHH,2026-06-09T20:30:00Z,2026-06-09T20:00:00Z,2026-06-09,43,COAL,0
FUELHH,2026-06-09T20:30:00Z,2026-06-09T20:00:00Z,2026-06-09,43,INTELEC,996
FUELHH,2026-06-09T20:30:00Z,2026-06-09T20:00:00Z,2026-06-09,43,INTEW,-532
FUELHH,2026-06-09T20:30:00Z,2026-06-09T20:00:00Z,2026-06-09,43,INTFR,1502
FUELHH,2026-06-09T20:30:00Z,2026-06-09T20:00:00Z,2026-06-09,43,INTGRNL,-514
FUELHH,2026-06-09T20:30:00Z,2026-06-09T20:00:00Z,2026-06-09,43,INTIFA2,-2
FUELHH,2026-06-09T20:30:00Z,2026-06-09T20:00:00Z,2026-06-09,43,INTIRL,-452
FUELHH,2026-06-09T20:30:00Z,2026-06-09T20:00:00Z,2026-06-09,43,INTNED,402
FUELHH,2026-06-09T20:30:00Z,2026-06-09T20:00:00Z,2026-06-09,43,INTNEM,478
FUELHH,2026-06-09T20:30:00Z,2026-06-09T20:00:00Z,2026-06-09,43,INTNSL,1398
FUELHH,2026-06-09T20:30:00Z,2026-06-09T20:00:00Z,2026-06-09,43,INTVKL,418
FUELHH,2026-06-09T20:30:00Z,2026-06-09T20:00:00Z,2026-06-09,43,NPSHYD,570
FUELHH,2026-06-09T20:30:00Z,2026-06-09T20:00:00Z,2026-06-09,43,NUCLEAR,2972
FUELHH,2026-06-09T20:30:00Z,2026-06-09T20:00:00Z,2026-06-09,43,OCGT,13
FUELHH,2026-06-09T20:30:00Z,2026-06-09T20:00:00Z,2026-06-09,43,OIL,0
FUELHH,2026-06-09T20:30:00Z,2026-06-09T20:00:00Z,2026-06-09,43,OTHER,1484
FUELHH,2026-06-09T20:30:00Z,2026-06-09T20:00:00Z,2026-06-09,43,PS,828
FUELHH,2026-06-09T20:30:00Z,2026-06-09T20:00:00Z,2026-06-09,43,WIND,6429
FUELHH,2026-06-09T20:00:00Z,2026-06-09T19:30:00Z,2026-06-09,42,BIOMASS,2391
FUELHH,2026-06-09T20:00:00Z,2026-06-09T19:30:00Z,2026-06-09,42,CCGT,8268
FUELHH,2026-06-09T20:00:00Z,2026-06-09T19:30:00Z,2026-06-09,42,COAL,0
FUELHH,2026-06-09T20:00:00Z,2026-06-09T19:30:00Z,2026-06-09,42,INTELEC,996
FUELHH,2026-06-09T20:00:00Z,2026-06-09T19:30:00Z,2026-06-09,42,INTEW,-532
FUELHH,2026-06-09T20:00:00Z,2026-06-09T19:30:00Z,2026-06-09,42,INTFR,1502
FUELHH,2026-06-09T20:00:00Z,2026-06-09T19:30:00Z,2026-06-09,42,INTGRNL,-514
FUELHH,2026-06-09T20:00:00Z,2026-06-09T19:30:00Z,2026-06-09,42,INTIFA2,-2
FUELHH,2026-06-09T20:00:00Z,2026-06-09T19:30:00Z,2026-06-09,42,INTIRL,-452
FUELHH,2026-06-09T20:00:00Z,2026-06-09T19:30:00Z,2026-06-09,42,INTNED,-304
FUELHH,2026-06-09T20:00:00Z,2026-06-09T19:30:00Z,2026-06-09,42,INTNEM,434
FUELHH,2026-06-09T20:00:00Z,2026-06-09T19:30:00Z,2026-06-09,42,INTNSL,1398
FUELHH,2026-06-09T20:00:00Z,2026-06-09T19:30:00Z,2026-06-09,42,INTVKL,94
FUELHH,2026-06-09T20:00:00Z,2026-06-09T19:30:00Z,2026-06-09,42,NPSHYD,576
FUELHH,2026-06-09T20:00:00Z,2026-06-09T19:30:00Z,2026-06-09,42,NUCLEAR,2970
FUELHH,2026-06-09T20:00:00Z,2026-06-09T19:30:00Z,2026-06-09,42,OCGT,13
FUELHH,2026-06-09T20:00:00Z,2026-06-09T19:30:00Z,2026-06-09,42,OIL,0
FUELHH,2026-06-09T20:00:00Z,2026-06-09T19:30:00Z,2026-06-09,42,OTHER,2640
FUELHH,2026-06-09T20:00:00Z,2026-06-09T19:30:00Z,2026-06-09,42,PS,814
FUELHH,2026-06-09T20:00:00Z,2026-06-09T19:30:00Z,2026-06-09,42,WIND,6290
FUELHH,2026-06-09T19:30:00Z,2026-06-09T19:00:00Z,2026-06-09,41,BIOMASS,2393
FUELHH,2026-06-09T19:30:00Z,2026-06-09T19:00:00Z,2026-06-09,41,CCGT,8102
FUELHH,2026-06-09T19:30:00Z,2026-06-09T19:00:00Z,2026-06-09,41,COAL,0
FUELHH,2026-06-09T19:30:00Z,2026-06-09T19:00:00Z,2026-06-09,41,INTELEC,996
FUELHH,2026-06-09T19:30:00Z,2026-06-09T19:00:00Z,2026-06-09,41,INTEW,-522
FUELHH,2026-06-09T19:30:00Z,2026-06-09T19:00:00Z,2026-06-09,41,INTFR,1502
FUELHH,2026-06-09T19:30:00Z,2026-06-09T19:00:00Z,2026-06-09,41,INTGRNL,-514
FUELHH,2026-06-09T19:30:00Z,2026-06-09T19:00:00Z,2026-06-09,41,INTIFA2,-2
FUELHH,2026-06-09T19:30:00Z,2026-06-09T19:00:00Z,2026-06-09,41,INTIRL,-452
FUELHH,2026-06-09T19:30:00Z,2026-06-09T19:00:00Z,2026-06-09,41,INTNED,-302
FUELHH,2026-06-09T19:30:00Z,2026-06-09T19:00:00Z,2026-06-09,41,INTNEM,442
FUELHH,2026-06-09T19:30:00Z,2026-06-09T19:00:00Z,2026-06-09,41,INTNSL,1380
FUELHH,2026-06-09T19:30:00Z,2026-06-09T19:00:00Z,2026-06-09,41,INTVKL,64
FUELHH,2026-06-09T19:30:00Z,2026-06-09T19:00:00Z,2026-06-09,41,NPSHYD,596
FUELHH,2026-06-09T19:30:00Z,2026-06-09T19:00:00Z,2026-06-09,41,NUCLEAR,2972
FUELHH,2026-06-09T19:30:00Z,2026-06-09T19:00:00Z,2026-06-09,41,OCGT,14
FUELHH,2026-06-09T19:30:00Z,2026-06-09T19:00:00Z,2026-06-09,41,OIL,0
FUELHH,2026-06-09T19:30:00Z,2026-06-09T19:00:00Z,2026-06-09,41,OTHER,2479
FUELHH,2026-06-09T19:30:00Z,2026-06-09T19:00:00Z,2026-06-09,41,PS,798
FUELHH,2026-06-09T19:30:00Z,2026-06-09T19:00:00Z,2026-06-09,41,WIND,6662
FUELHH,2026-06-09T19:00:00Z,2026-06-09T18:30:00Z,2026-06-09,40,BIOMASS,2393
FUELHH,2026-06-09T19:00:00Z,2026-06-09T18:30:00Z,2026-06-09,40,CCGT,7990
FUELHH,2026-06-09T19:00:00Z,2026-06-09T18:30:00Z,2026-06-09,40,COAL,0
FUELHH,2026-06-09T19:00:00Z,2026-06-09T18:30:00Z,2026-06-09,40,INTELEC,996
FUELHH,2026-06-09T19:00:00Z,2026-06-09T18:30:00Z,2026-06-09,40,INTEW,-406
FUELHH,2026-06-09T19:00:00Z,2026-06-09T18:30:00Z,2026-06-09,40,INTFR,1502
FUELHH,2026-06-09T19:00:00Z,2026-06-09T18:30:00Z,2026-06-09,40,INTGRNL,-514
FUELHH,2026-06-09T19:00:00Z,2026-06-09T18:30:00Z,2026-06-09,40,INTIFA2,-2
FUELHH,2026-06-09T19:00:00Z,2026-06-09T18:30:00Z,2026-06-09,40,INTIRL,-448
FUELHH,2026-06-09T19:00:00Z,2026-06-09T18:30:00Z,2026-06-09,40,INTNED,124
FUELHH,2026-06-09T19:00:00Z,2026-06-09T18:30:00Z,2026-06-09,40,INTNEM,874
FUELHH,2026-06-09T19:00:00Z,2026-06-09T18:30:00Z,2026-06-09,40,INTNSL,1224
FUELHH,2026-06-09T19:00:00Z,2026-06-09T18:30:00Z,2026-06-09,40,INTVKL,-272
FUELHH,2026-06-09T19:00:00Z,2026-06-09T18:30:00Z,2026-06-09,40,NPSHYD,618
FUELHH,2026-06-09T19:00:00Z,2026-06-09T18:30:00Z,2026-06-09,40,NUCLEAR,2971
FUELHH,2026-06-09T19:00:00Z,2026-06-09T18:30:00Z,2026-06-09,40,OCGT,13
FUELHH,2026-06-09T19:00:00Z,2026-06-09T18:30:00Z,2026-06-09,40,OIL,0
FUELHH,2026-06-09T19:00:00Z,2026-06-09T18:30:00Z,2026-06-09,40,OTHER,1785
FUELHH,2026-06-09T19:00:00Z,2026-06-09T18:30:00Z,2026-06-09,40,PS,692
FUELHH,2026-06-09T19:00:00Z,2026-06-09T18:30:00Z,2026-06-09,40,WIND,7450
FUELHH,2026-06-09T18:30:00Z,2026-06-09T18:00:00Z,2026-06-09,39,BIOMASS,2395
FUELHH,2026-06-09T18:30:00Z,2026-06-09T18:00:00Z,2026-06-09,39,CCGT,7481
FUELHH,2026-06-09T18:30:00Z,2026-06-09T18:00:00Z,2026-06-09,39,COAL,0
FUELHH,2026-06-09T18:30:00Z,2026-06-09T18:00:00Z,2026-06-09,39,INTELEC,996
FUELHH,2026-06-09T18:30:00Z,2026-06-09T18:00:00Z,2026-06-09,39,INTEW,-254
FUELHH,2026-06-09T18:30:00Z,2026-06-09T18:00:00Z,2026-06-09,39,INTFR,1502
FUELHH,2026-06-09T18:30:00Z,2026-06-09T18:00:00Z,2026-06-09,39,INTGRNL,-506
FUELHH,2026-06-09T18:30:00Z,2026-06-09T18:00:00Z,2026-06-09,39,INTIFA2,-2
FUELHH,2026-06-09T18:30:00Z,2026-06-09T18:00:00Z,2026-06-09,39,INTIRL,-388
FUELHH,2026-06-09T18:30:00Z,2026-06-09T18:00:00Z,2026-06-09,39,INTNED,132
FUELHH,2026-06-09T18:30:00Z,2026-06-09T18:00:00Z,2026-06-09,39,INTNEM,880
FUELHH,2026-06-09T18:30:00Z,2026-06-09T18:00:00Z,2026-06-09,39,INTNSL,1224
FUELHH,2026-06-09T18:30:00Z,2026-06-09T18:00:00Z,2026-06-09,39,INTVKL,-266
FUELHH,2026-06-09T18:30:00Z,2026-06-09T18:00:00Z,2026-06-09,39,NPSHYD,647
FUELHH,2026-06-09T18:30:00Z,2026-06-09T18:00:00Z,2026-06-09,39,NUCLEAR,2969
FUELHH,2026-06-09T18:30:00Z,2026-06-09T18:00:00Z,2026-06-09,39,OCGT,13
FUELHH,2026-06-09T18:30:00Z,2026-06-09T18:00:00Z,2026-06-09,39,OIL,0
FUELHH,2026-06-09T18:30:00Z,2026-06-09T18:00:00Z,2026-06-09,39,OTHER,1301
FUELHH,2026-06-09T18:30:00Z,2026-06-09T18:00:00Z,2026-06-09,39,PS,800
FUELHH,2026-06-09T18:30:00Z,2026-06-09T18:00:00Z,2026-06-09,39,WIND,8213
FUELHH,2026-06-09T18:00:00Z,2026-06-09T17:30:00Z,2026-06-09,38,BIOMASS,2340
FUELHH,2026-06-09T18:00:00Z,2026-06-09T17:30:00Z,2026-06-09,38,CCGT,6418
FUELHH,2026-06-09T18:00:00Z,2026-06-09T17:30:00Z,2026-06-09,38,COAL,0
FUELHH,2026-06-09T18:00:00Z,2026-06-09T17:30:00Z,2026-06-09,38,INTELEC,996
FUELHH,2026-06-09T18:00:00Z,2026-06-09T17:30:00Z,2026-06-09,38,INTEW,-106
FUELHH,2026-06-09T18:00:00Z,2026-06-09T17:30:00Z,2026-06-09,38,INTFR,1502
FUELHH,2026-06-09T18:00:00Z,2026-06-09T17:30:00Z,2026-06-09,38,INTGRNL,-514
FUELHH,2026-06-09T18:00:00Z,2026-06-09T17:30:00Z,2026-06-09,38,INTIFA2,-2
FUELHH,2026-06-09T18:00:00Z,2026-06-09T17:30:00Z,2026-06-09,38,INTIRL,-432
FUELHH,2026-06-09T18:00:00Z,2026-06-09T17:30:00Z,2026-06-09,38,INTNED,464
FUELHH,2026-06-09T18:00:00Z,2026-06-09T17:30:00Z,2026-06-09,38,INTNEM,706
FUELHH,2026-06-09T18:00:00Z,2026-06-09T17:30:00Z,2026-06-09,38,INTNSL,1382
FUELHH,2026-06-09T18:00:00Z,2026-06-09T17:30:00Z,2026-06-09,38,INTVKL,202
FUELHH,2026-06-09T18:00:00Z,2026-06-09T17:30:00Z,2026-06-09,38,NPSHYD,636
FUELHH,2026-06-09T18:00:00Z,2026-06-09T17:30:00Z,2026-06-09,38,NUCLEAR,2969
FUELHH,2026-06-09T18:00:00Z,2026-06-09T17:30:00Z,2026-06-09,38,OCGT,14
FUELHH,2026-06-09T18:00:00Z,2026-06-09T17:30:00Z,2026-06-09,38,OIL,0
FUELHH,2026-06-09T18:00:00Z,2026-06-09T17:30:00Z,2026-06-09,38,OTHER,970
FUELHH,2026-06-09T18:00:00Z,2026-06-09T17:30:00Z,2026-06-09,38,PS,288
FUELHH,2026-06-09T18:00:00Z,2026-06-09T17:30:00Z,2026-06-09,38,WIND,9014
FUELHH,2026-06-09T17:30:00Z,2026-06-09T17:00:00Z,2026-06-09,37,BIOMASS,1903
FUELHH,2026-06-09T17:30:00Z,2026-06-09T17:00:00Z,2026-06-09,37,CCGT,5872
FUELHH,2026-06-09T17:30:00Z,2026-06-09T17:00:00Z,2026-06-09,37,COAL,0
FUELHH,2026-06-09T17:30:00Z,2026-06-09T17:00:00Z,2026-06-09,37,INTELEC,996
FUELHH,2026-06-09T17:30:00Z,2026-06-09T17:00:00Z,2026-06-09,37,INTEW,-62
FUELHH,2026-06-09T17:30:00Z,2026-06-09T17:00:00Z,2026-06-09,37,INTFR,1502
FUELHH,2026-06-09T17:30:00Z,2026-06-09T17:00:00Z,2026-06-09,37,INTGRNL,-444
FUELHH,2026-06-09T17:30:00Z,2026-06-09T17:00:00Z,2026-06-09,37,INTIFA2,-2
FUELHH,2026-06-09T17:30:00Z,2026-06-09T17:00:00Z,2026-06-09,37,INTIRL,-300
FUELHH,2026-06-09T17:30:00Z,2026-06-09T17:00:00Z,2026-06-09,37,INTNED,484
FUELHH,2026-06-09T17:30:00Z,2026-06-09T17:00:00Z,2026-06-09,37,INTNEM,706
FUELHH,2026-06-09T17:30:00Z,2026-06-09T17:00:00Z,2026-06-09,37,INTNSL,1398
FUELHH,2026-06-09T17:30:00Z,2026-06-09T17:00:00Z,2026-06-09,37,INTVKL,282
FUELHH,2026-06-09T17:30:00Z,2026-06-09T17:00:00Z,2026-06-09,37,NPSHYD,507
FUELHH,2026-06-09T17:30:00Z,2026-06-09T17:00:00Z,2026-06-09,37,NUCLEAR,2970
FUELHH,2026-06-09T17:30:00Z,2026-06-09T17:00:00Z,2026-06-09,37,OCGT,11
FUELHH,2026-06-09T17:30:00Z,2026-06-09T17:00:00Z,2026-06-09,37,OIL,0
FUELHH,2026-06-09T17:30:00Z,2026-06-09T17:00:00Z,2026-06-09,37,OTHER,1055
FUELHH,2026-06-09T17:30:00Z,2026-06-09T17:00:00Z,2026-06-09,37,PS,322
FUELHH,2026-06-09T17:30:00Z,2026-06-09T17:00:00Z,2026-06-09,37,WIND,8751
FUELHH,2026-06-09T17:00:00Z,2026-06-09T16:30:00Z,2026-06-09,36,BIOMASS,1505
FUELHH,2026-06-09T17:00:00Z,2026-06-09T16:30:00Z,2026-06-09,36,CCGT,4157
FUELHH,2026-06-09T17:00:00Z,2026-06-09T16:30:00Z,2026-06-09,36,COAL,0
FUELHH,2026-06-09T17:00:00Z,2026-06-09T16:30:00Z,2026-06-09,36,INTELEC,998
FUELHH,2026-06-09T17:00:00Z,2026-06-09T16:30:00Z,2026-06-09,36,INTEW,-2
FUELHH,2026-06-09T17:00:00Z,2026-06-09T16:30:00Z,2026-06-09,36,INTFR,1502
FUELHH,2026-06-09T17:00:00Z,2026-06-09T16:30:00Z,2026-06-09,36,INTGRNL,-292
FUELHH,2026-06-09T17:00:00Z,2026-06-09T16:30:00Z,2026-06-09,36,INTIFA2,-2
FUELHH,2026-06-09T17:00:00Z,2026-06-09T16:30:00Z,2026-06-09,36,INTIRL,-150
FUELHH,2026-06-09T17:00:00Z,2026-06-09T16:30:00Z,2026-06-09,36,INTNED,1014
FUELHH,2026-06-09T17:00:00Z,2026-06-09T16:30:00Z,2026-06-09,36,INTNEM,944
FUELHH,2026-06-09T17:00:00Z,2026-06-09T16:30:00Z,2026-06-09,36,INTNSL,1398
FUELHH,2026-06-09T17:00:00Z,2026-06-09T16:30:00Z,2026-06-09,36,INTVKL,1324
FUELHH,2026-06-09T17:00:00Z,2026-06-09T16:30:00Z,2026-06-09,36,NPSHYD,326
FUELHH,2026-06-09T17:00:00Z,2026-06-09T16:30:00Z,2026-06-09,36,NUCLEAR,2972
FUELHH,2026-06-09T17:00:00Z,2026-06-09T16:30:00Z,2026-06-09,36,OCGT,7
FUELHH,2026-06-09T17:00:00Z,2026-06-09T16:30:00Z,2026-06-09,36,OIL,0
FUELHH,2026-06-09T17:00:00Z,2026-06-09T16:30:00Z,2026-06-09,36,OTHER,752
FUELHH,2026-06-09T17:00:00Z,2026-06-09T16:30:00Z,2026-06-09,36,PS,-14
FUELHH,2026-06-09T17:00:00Z,2026-06-09T16:30:00Z,2026-06-09,36,WIND,8210
FUELHH,2026-06-09T16:30:00Z,2026-06-09T16:00:00Z,2026-06-09,35,BIOMASS,1254
FUELHH,2026-06-09T16:30:00Z,2026-06-09T16:00:00Z,2026-06-09,35,CCGT,3226
FUELHH,2026-06-09T16:30:00Z,2026-06-09T16:00:00Z,2026-06-09,35,COAL,0
FUELHH,2026-06-09T16:30:00Z,2026-06-09T16:00:00Z,2026-06-09,35,INTELEC,996
FUELHH,2026-06-09T16:30:00Z,2026-06-09T16:00:00Z,2026-06-09,35,INTEW,32
FUELHH,2026-06-09T16:30:00Z,2026-06-09T16:00:00Z,2026-06-09,35,INTFR,1502
FUELHH,2026-06-09T16:30:00Z,2026-06-09T16:00:00Z,2026-06-09,35,INTGRNL,-152
FUELHH,2026-06-09T16:30:00Z,2026-06-09T16:00:00Z,2026-06-09,35,INTIFA2,-2
FUELHH,2026-06-09T16:30:00Z,2026-06-09T16:00:00Z,2026-06-09,35,INTIRL,-18
FUELHH,2026-06-09T16:30:00Z,2026-06-09T16:00:00Z,2026-06-09,35,INTNED,1028
FUELHH,2026-06-09T16:30:00Z,2026-06-09T16:00:00Z,2026-06-09,35,INTNEM,948
FUELHH,2026-06-09T16:30:00Z,2026-06-09T16:00:00Z,2026-06-09,35,INTNSL,1398
FUELHH,2026-06-09T16:30:00Z,2026-06-09T16:00:00Z,2026-06-09,35,INTVKL,1382
FUELHH,2026-06-09T16:30:00Z,2026-06-09T16:00:00Z,2026-06-09,35,NPSHYD,293
FUELHH,2026-06-09T16:30:00Z,2026-06-09T16:00:00Z,2026-06-09,35,NUCLEAR,2971
FUELHH,2026-06-09T16:30:00Z,2026-06-09T16:00:00Z,2026-06-09,35,OCGT,12
FUELHH,2026-06-09T16:30:00Z,2026-06-09T16:00:00Z,2026-06-09,35,OIL,0
FUELHH,2026-06-09T16:30:00Z,2026-06-09T16:00:00Z,2026-06-09,35,OTHER,627
FUELHH,2026-06-09T16:30:00Z,2026-06-09T16:00:00Z,2026-06-09,35,PS,-18
FUELHH,2026-06-09T16:30:00Z,2026-06-09T16:00:00Z,2026-06-09,35,WIND,7707
FUELHH,2026-06-09T16:00:00Z,2026-06-09T15:30:00Z,2026-06-09,34,BIOMASS,912
FUELHH,2026-06-09T16:00:00Z,2026-06-09T15:30:00Z,2026-06-09,34,CCGT,2207
FUELHH,2026-06-09T16:00:00Z,2026-06-09T15:30:00Z,2026-06-09,34,COAL,0
FUELHH,2026-06-09T16:00:00Z,2026-06-09T15:30:00Z,2026-06-09,34,INTELEC,996
FUELHH,2026-06-09T16:00:00Z,2026-06-09T15:30:00Z,2026-06-09,34,INTEW,0
FUELHH,2026-06-09T16:00:00Z,2026-06-09T15:30:00Z,2026-06-09,34,INTFR,1502
FUELHH,2026-06-09T16:00:00Z,2026-06-09T15:30:00Z,2026-06-09,34,INTGRNL,-142
FUELHH,2026-06-09T16:00:00Z,2026-06-09T15:30:00Z,2026-06-09,34,INTIFA2,-2
FUELHH,2026-06-09T16:00:00Z,2026-06-09T15:30:00Z,2026-06-09,34,INTIRL,0
FUELHH,2026-06-09T16:00:00Z,2026-06-09T15:30:00Z,2026-06-09,34,INTNED,1044
FUELHH,2026-06-09T16:00:00Z,2026-06-09T15:30:00Z,2026-06-09,34,INTNEM,996
FUELHH,2026-06-09T16:00:00Z,2026-06-09T15:30:00Z,2026-06-09,34,INTNSL,1398
FUELHH,2026-06-09T16:00:00Z,2026-06-09T15:30:00Z,2026-06-09,34,INTVKL,1426
FUELHH,2026-06-09T16:00:00Z,2026-06-09T15:30:00Z,2026-06-09,34,NPSHYD,230
FUELHH,2026-06-09T16:00:00Z,2026-06-09T15:30:00Z,2026-06-09,34,NUCLEAR,2974
FUELHH,2026-06-09T16:00:00Z,2026-06-09T15:30:00Z,2026-06-09,34,OCGT,13
FUELHH,2026-06-09T16:00:00Z,2026-06-09T15:30:00Z,2026-06-09,34,OIL,0
FUELHH,2026-06-09T16:00:00Z,2026-06-09T15:30:00Z,2026-06-09,34,OTHER,742
FUELHH,2026-06-09T16:00:00Z,2026-06-09T15:30:00Z,2026-06-09,34,PS,-160
FUELHH,2026-06-09T16:00:00Z,2026-06-09T15:30:00Z,2026-06-09,34,WIND,7702
FUELHH,2026-06-09T15:30:00Z,2026-06-09T15:00:00Z,2026-06-09,33,BIOMASS,871
FUELHH,2026-06-09T15:30:00Z,2026-06-09T15:00:00Z,2026-06-09,33,CCGT,1669
FUELHH,2026-06-09T15:30:00Z,2026-06-09T15:00:00Z,2026-06-09,33,COAL,0
FUELHH,2026-06-09T15:30:00Z,2026-06-09T15:00:00Z,2026-06-09,33,INTELEC,996
FUELHH,2026-06-09T15:30:00Z,2026-06-09T15:00:00Z,2026-06-09,33,INTEW,0
FUELHH,2026-06-09T15:30:00Z,2026-06-09T15:00:00Z,2026-06-09,33,INTFR,1502
FUELHH,2026-06-09T15:30:00Z,2026-06-09T15:00:00Z,2026-06-09,33,INTGRNL,-56
FUELHH,2026-06-09T15:30:00Z,2026-06-09T15:00:00Z,2026-06-09,33,INTIFA2,-2
FUELHH,2026-06-09T15:30:00Z,2026-06-09T15:00:00Z,2026-06-09,33,INTIRL,-18
FUELHH,2026-06-09T15:30:00Z,2026-06-09T15:00:00Z,2026-06-09,33,INTNED,1044
FUELHH,2026-06-09T15:30:00Z,2026-06-09T15:00:00Z,2026-06-09,33,INTNEM,996
FUELHH,2026-06-09T15:30:00Z,2026-06-09T15:00:00Z,2026-06-09,33,INTNSL,1398
FUELHH,2026-06-09T15:30:00Z,2026-06-09T15:00:00Z,2026-06-09,33,INTVKL,1412
FUELHH,2026-06-09T15:30:00Z,2026-06-09T15:00:00Z,2026-06-09,33,NPSHYD,169
FUELHH,2026-06-09T15:30:00Z,2026-06-09T15:00:00Z,2026-06-09,33,NUCLEAR,2971
FUELHH,2026-06-09T15:30:00Z,2026-06-09T15:00:00Z,2026-06-09,33,OCGT,2
FUELHH,2026-06-09T15:30:00Z,2026-06-09T15:00:00Z,2026-06-09,33,OIL,0
FUELHH,2026-06-09T15:30:00Z,2026-06-09T15:00:00Z,2026-06-09,33,OTHER,674
FUELHH,2026-06-09T15:30:00Z,2026-06-09T15:00:00Z,2026-06-09,33,PS,-80
FUELHH,2026-06-09T15:30:00Z,2026-06-09T15:00:00Z,2026-06-09,33,WIND,7575
FUELHH,2026-06-09T15:00:00Z,2026-06-09T14:30:00Z,2026-06-09,32,BIOMASS,863
FUELHH,2026-06-09T15:00:00Z,2026-06-09T14:30:00Z,2026-06-09,32,CCGT,1663
FUELHH,2026-06-09T15:00:00Z,2026-06-09T14:30:00Z,2026-06-09,32,COAL,0
FUELHH,2026-06-09T15:00:00Z,2026-06-09T14:30:00Z,2026-06-09,32,INTELEC,996
FUELHH,2026-06-09T15:00:00Z,2026-06-09T14:30:00Z,2026-06-09,32,INTEW,0
FUELHH,2026-06-09T15:00:00Z,2026-06-09T14:30:00Z,2026-06-09,32,INTFR,1502
FUELHH,2026-06-09T15:00:00Z,2026-06-09T14:30:00Z,2026-06-09,32,INTGRNL,-184
FUELHH,2026-06-09T15:00:00Z,2026-06-09T14:30:00Z,2026-06-09,32,INTIFA2,-2
FUELHH,2026-06-09T15:00:00Z,2026-06-09T14:30:00Z,2026-06-09,32,INTIRL,-118
FUELHH,2026-06-09T15:00:00Z,2026-06-09T14:30:00Z,2026-06-09,32,INTNED,944
FUELHH,2026-06-09T15:00:00Z,2026-06-09T14:30:00Z,2026-06-09,32,INTNEM,898
FUELHH,2026-06-09T15:00:00Z,2026-06-09T14:30:00Z,2026-06-09,32,INTNSL,1398
FUELHH,2026-06-09T15:00:00Z,2026-06-09T14:30:00Z,2026-06-09,32,INTVKL,1154
FUELHH,2026-06-09T15:00:00Z,2026-06-09T14:30:00Z,2026-06-09,32,NPSHYD,110
FUELHH,2026-06-09T15:00:00Z,2026-06-09T14:30:00Z,2026-06-09,32,NUCLEAR,2871
FUELHH,2026-06-09T15:00:00Z,2026-06-09T14:30:00Z,2026-06-09,32,OCGT,1
FUELHH,2026-06-09T15:00:00Z,2026-06-09T14:30:00Z,2026-06-09,32,OIL,0
FUELHH,2026-06-09T15:00:00Z,2026-06-09T14:30:00Z,2026-06-09,32,OTHER,745
FUELHH,2026-06-09T15:00:00Z,2026-06-09T14:30:00Z,2026-06-09,32,PS,-564
FUELHH,2026-06-09T15:00:00Z,2026-06-09T14:30:00Z,2026-06-09,32,WIND,7101
FUELHH,2026-06-09T14:30:00Z,2026-06-09T14:00:00Z,2026-06-09,31,BIOMASS,872
FUELHH,2026-06-09T14:30:00Z,2026-06-09T14:00:00Z,2026-06-09,31,CCGT,1765
FUELHH,2026-06-09T14:30:00Z,2026-06-09T14:00:00Z,2026-06-09,31,COAL,0
FUELHH,2026-06-09T14:30:00Z,2026-06-09T14:00:00Z,2026-06-09,31,INTELEC,996
FUELHH,2026-06-09T14:30:00Z,2026-06-09T14:00:00Z,2026-06-09,31,INTEW,0
FUELHH,2026-06-09T14:30:00Z,2026-06-09T14:00:00Z,2026-06-09,31,INTFR,1502
FUELHH,2026-06-09T14:30:00Z,2026-06-09T14:00:00Z,2026-06-09,31,INTGRNL,-180
FUELHH,2026-06-09T14:30:00Z,2026-06-09T14:00:00Z,2026-06-09,31,INTIFA2,-2
FUELHH,2026-06-09T14:30:00Z,2026-06-09T14:00:00Z,2026-06-09,31,INTIRL,-18
FUELHH,2026-06-09T14:30:00Z,2026-06-09T14:00:00Z,2026-06-09,31,INTNED,942
FUELHH,2026-06-09T14:30:00Z,2026-06-09T14:00:00Z,2026-06-09,31,INTNEM,898
FUELHH,2026-06-09T14:30:00Z,2026-06-09T14:00:00Z,2026-06-09,31,INTNSL,1398
FUELHH,2026-06-09T14:30:00Z,2026-06-09T14:00:00Z,2026-06-09,31,INTVKL,1148
FUELHH,2026-06-09T14:30:00Z,2026-06-09T14:00:00Z,2026-06-09,31,NPSHYD,116
FUELHH,2026-06-09T14:30:00Z,2026-06-09T14:00:00Z,2026-06-09,31,NUCLEAR,2966
FUELHH,2026-06-09T14:30:00Z,2026-06-09T14:00:00Z,2026-06-09,31,OCGT,2
FUELHH,2026-06-09T14:30:00Z,2026-06-09T14:00:00Z,2026-06-09,31,OIL,0
FUELHH,2026-06-09T14:30:00Z,2026-06-09T14:00:00Z,2026-06-09,31,OTHER,1058
FUELHH,2026-06-09T14:30:00Z,2026-06-09T14:00:00Z,2026-06-09,31,PS,-780
FUELHH,2026-06-09T14:30:00Z,2026-06-09T14:00:00Z,2026-06-09,31,WIND,6307
FUELHH,2026-06-09T14:00:00Z,2026-06-09T13:30:00Z,2026-06-09,30,BIOMASS,871
FUELHH,2026-06-09T14:00:00Z,2026-06-09T13:30:00Z,2026-06-09,30,CCGT,1790
FUELHH,2026-06-09T14:00:00Z,2026-06-09T13:30:00Z,2026-06-09,30,COAL,0
FUELHH,2026-06-09T14:00:00Z,2026-06-09T13:30:00Z,2026-06-09,30,INTELEC,996
FUELHH,2026-06-09T14:00:00Z,2026-06-09T13:30:00Z,2026-06-09,30,INTEW,0
FUELHH,2026-06-09T14:00:00Z,2026-06-09T13:30:00Z,2026-06-09,30,INTFR,1502
FUELHH,2026-06-09T14:00:00Z,2026-06-09T13:30:00Z,2026-06-09,30,INTGRNL,-208
FUELHH,2026-06-09T14:00:00Z,2026-06-09T13:30:00Z,2026-06-09,30,INTIFA2,-2
FUELHH,2026-06-09T14:00:00Z,2026-06-09T13:30:00Z,2026-06-09,30,INTIRL,0
FUELHH,2026-06-09T14:00:00Z,2026-06-09T13:30:00Z,2026-06-09,30,INTNED,834
FUELHH,2026-06-09T14:00:00Z,2026-06-09T13:30:00Z,2026-06-09,30,INTNEM,902
FUELHH,2026-06-09T14:00:00Z,2026-06-09T13:30:00Z,2026-06-09,30,INTNSL,1398
FUELHH,2026-06-09T14:00:00Z,2026-06-09T13:30:00Z,2026-06-09,30,INTVKL,1248
FUELHH,2026-06-09T14:00:00Z,2026-06-09T13:30:00Z,2026-06-09,30,NPSHYD,114
FUELHH,2026-06-09T14:00:00Z,2026-06-09T13:30:00Z,2026-06-09,30,NUCLEAR,2964
FUELHH,2026-06-09T14:00:00Z,2026-06-09T13:30:00Z,2026-06-09,30,OCGT,2
FUELHH,2026-06-09T14:00:00Z,2026-06-09T13:30:00Z,2026-06-09,30,OIL,0
FUELHH,2026-06-09T14:00:00Z,2026-06-09T13:30:00Z,2026-06-09,30,OTHER,808
FUELHH,2026-06-09T14:00:00Z,2026-06-09T13:30:00Z,2026-06-09,30,PS,-812
FUELHH,2026-06-09T14:00:00Z,2026-06-09T13:30:00Z,2026-06-09,30,WIND,6315